partType_ID_num,line_ID_num,batch_ID_num,PSec_MVgeneration_*_Section_ID_num,PSec_MVgeneration__Section__MVgeneration_machine__MV1_*_T1_MV_Type_ID_num,PSec_MVgeneration__Section__MVgeneration_machine__MV1_*_T1_MV_Supplier_ID_num,PSec_MVgeneration__Section__MVgeneration_machine__MV2_*_T2_MV_Type_ID_num,PSec_MVgeneration__Section__MVgeneration_machine__MV2_*_T2_MV_Supplier_ID_num,PSec_HUgeneration_*_Section_ID_num,PSec_HUgeneration__Section__HUgeneration_machine__HU_*_HU_Block_Type_ID_num,PSec_HUgeneration__Section__HUgeneration_machine__HU_*_HU_Block_Supplier_ID_num,PSec_C2_*_Section_ID_num,PSec_C2__Section__Sec_C2_Machine1_*_ProcessResult,PSec_C2__Section__Sec_C2_Machine1__Sec_C2_Machine1_Step1c_T1_*_s0,PSec_C2__Section__Sec_C2_Machine1__Sec_C2_Machine1_Step1c_T1_*_Fgrad,PSec_C2__Section__Sec_C2_Machine1__Sec_C2_Machine1_Step1c_T1_*_Sgrad,PSec_C2__Section__Sec_C2_Machine1__Sec_C2_Machine1_Step1c_T1_*_Fmax,PSec_C2__Section__Sec_C2_Machine1__Sec_C2_Machine1_Step1c_T1_*_Smax,PSec_C2__Section__Sec_C2_Machine1__Sec_C2_Machine1_Step1c_T1_*_s0_LTL,PSec_C2__Section__Sec_C2_Machine1__Sec_C2_Machine1_Step1c_T1_*_s0_UTL,PSec_C2__Section__Sec_C2_Machine1__Sec_C2_Machine1_Step1c_T1_*_s0_MpGood,PSec_C2__Section__Sec_C2_Machine1__Sec_C2_Machine1_Step1c_T1_*_Sgrad_LTL,PSec_C2__Section__Sec_C2_Machine1__Sec_C2_Machine1_Step1c_T1_*_Sgrad_UTL,PSec_C2__Section__Sec_C2_Machine1__Sec_C2_Machine1_Step1c_T1_*_Sgrad_MpGood,PSec_C2__Section__Sec_C2_Machine1__Sec_C2_Machine1_Step1c_T1_*_Fgrad_LTL,PSec_C2__Section__Sec_C2_Machine1__Sec_C2_Machine1_Step1c_T1_*_Fgrad_UTL,PSec_C2__Section__Sec_C2_Machine1__Sec_C2_Machine1_Step1c_T1_*_Fgrad_MpGood,PSec_C2__Section__Sec_C2_Machine1__Sec_C2_Machine1_Step1c_T1_*_Fmax_LTL,PSec_C2__Section__Sec_C2_Machine1__Sec_C2_Machine1_Step1c_T1_*_Fmax_UTL,PSec_C2__Section__Sec_C2_Machine1__Sec_C2_Machine1_Step1c_T1_*_Fmax_MpGood,PSec_C2__Section__Sec_C2_Machine1__Sec_C2_Machine1_Step1c_T1_*_Smax_LTL,PSec_C2__Section__Sec_C2_Machine1__Sec_C2_Machine1_Step1c_T1_*_Smax_UTL,PSec_C2__Section__Sec_C2_Machine1__Sec_C2_Machine1_Step1c_T1_*_Smax_MpGood,PSec_C2__Section__Sec_C2_Machine1__Sec_C2_Machine1_Step1d_T2_*_s0,PSec_C2__Section__Sec_C2_Machine1__Sec_C2_Machine1_Step1d_T2_*_Fgrad,PSec_C2__Section__Sec_C2_Machine1__Sec_C2_Machine1_Step1d_T2_*_Sgrad,PSec_C2__Section__Sec_C2_Machine1__Sec_C2_Machine1_Step1d_T2_*_Fmax,PSec_C2__Section__Sec_C2_Machine1__Sec_C2_Machine1_Step1d_T2_*_Smax,PSec_C2__Section__Sec_C2_Machine1__Sec_C2_Machine1_Step1d_T2_*_Sgrad_LTL,PSec_C2__Section__Sec_C2_Machine1__Sec_C2_Machine1_Step1d_T2_*_Sgrad_UTL,PSec_C2__Section__Sec_C2_Machine1__Sec_C2_Machine1_Step1d_T2_*_Sgrad_MpGood,PSec_C2__Section__Sec_C2_Machine1__Sec_C2_Machine1_Step1d_T2_*_s0_LTL,PSec_C2__Section__Sec_C2_Machine1__Sec_C2_Machine1_Step1d_T2_*_s0_UTL,PSec_C2__Section__Sec_C2_Machine1__Sec_C2_Machine1_Step1d_T2_*_s0_MpGood,PSec_C2__Section__Sec_C2_Machine1__Sec_C2_Machine1_Step1d_T2_*_Smax_LTL,PSec_C2__Section__Sec_C2_Machine1__Sec_C2_Machine1_Step1d_T2_*_Smax_UTL,PSec_C2__Section__Sec_C2_Machine1__Sec_C2_Machine1_Step1d_T2_*_Smax_MpGood,PSec_C2__Section__Sec_C2_Machine1__Sec_C2_Machine1_Step1d_T2_*_Fgrad_LTL,PSec_C2__Section__Sec_C2_Machine1__Sec_C2_Machine1_Step1d_T2_*_Fgrad_UTL,PSec_C2__Section__Sec_C2_Machine1__Sec_C2_Machine1_Step1d_T2_*_Fgrad_MpGood,PSec_C2__Section__Sec_C2_Machine1__Sec_C2_Machine1_Step1d_T2_*_Fmax_LTL,PSec_C2__Section__Sec_C2_Machine1__Sec_C2_Machine1_Step1d_T2_*_Fmax_UTL,PSec_C2__Section__Sec_C2_Machine1__Sec_C2_Machine1_Step1d_T2_*_Fmax_MpGood
111,1,1,-121,11,22,11,22,-111,11,12,122,0.0,10.200982217085706,18443.5460335307,18.2336973885590,25342.5838063378,19.5335865148944,9,11,1.0,16.5000000000000,19.0000000000000,1.0,10000,19000,1.0,10000,25000,0.0,17.0000000000000,20.0000000000000,1.0,10.193760433816395,15669.7928241777,17.6681330644376,22728.3554685848,18.9980792295663,16.5000000000000,19.0000000000000,1.0,9,11,1.0,17.0000000000000,20.0000000000000,1.0,10000,19000,1.0,10000,25000,1.0
111,1,1,-121,11,22,11,22,-111,11,12,121,1.0,10.017842699314564,13563.8229618209,17.2163330589634,20034.9413050994,18.5067633406445,9,11,1.0,16.5000000000000,19.0000000000000,1.0,10000,19000,1.0,10000,25000,1.0,17.0000000000000,20.0000000000000,1.0,10.000965154553011,16189.6958860674,17.7277282542695,22659.3610465503,19.0178687512511,16.5000000000000,19.0000000000000,1.0,9,11,1.0,17.0000000000000,20.0000000000000,1.0,10000,19000,1.0,10000,25000,1.0
111,1,1,-121,11,22,11,22,-111,11,12,122,0.0,10.172465895250044,17535.4228052140,18.0358354783910,24562.6061482538,19.3652925595033,9,11,1.0,16.5000000000000,19.0000000000000,1.0,10000,19000,1.0,10000,25000,1.0,17.0000000000000,20.0000000000000,1.0,10.2107658887313,18922.4939444239,18.3370359161489,25873.4581285278,19.6520732652552,16.5000000000000,19.0000000000000,1.0,9,11,1.0,17.0000000000000,20.0000000000000,1.0,10000,19000,1.0,10000,25000,0.0
111,1,1,-121,11,22,11,22,-111,11,12,121,1.0,9.99670121200854,16788.1611634205,17.8625099345604,23238.3777325821,19.1564515921059,9,11,1.0,16.5000000000000,19.0000000000000,1.0,10000,19000,1.0,10000,25000,1.0,17.0000000000000,20.0000000000000,1.0,9.99568618793672,17300.4398319848,18.0211571701092,23804.8379155264,19.3259678764337,16.5000000000000,19.0000000000000,1.0,9,11,1.0,17.0000000000000,20.0000000000000,1.0,10000,19000,1.0,10000,25000,1.0
111,1,1,-121,11,22,11,22,-111,11,12,122,1.0,10.178885707351016,14548.2525248722,17.4541392766189,21454.9329689863,18.7560693789854,9,11,1.0,16.5000000000000,19.0000000000000,1.0,10000,19000,1.0,10000,25000,1.0,17.0000000000000,20.0000000000000,1.0,10.202804829376827,16341.4976532627,17.8239591935962,23246.8809275332,19.1256447755334,16.5000000000000,19.0000000000000,1.0,9,11,1.0,17.0000000000000,20.0000000000000,1.0,10000,19000,1.0,10000,25000,1.0
111,1,1,-121,11,22,11,22,-111,11,12,121,1.0,9.986288216438881,16161.7248597477,17.7351421703509,22626.4958270601,19.0293700449575,9,11,1.0,16.5000000000000,19.0000000000000,1.0,10000,19000,1.0,10000,25000,1.0,17.0000000000000,20.0000000000000,1.0,10.001749464180369,15379.8170075210,17.6191155797214,21899.6369052613,18.9243640860855,16.5000000000000,19.0000000000000,1.0,9,11,1.0,17.0000000000000,20.0000000000000,1.0,10000,19000,1.0,10000,25000,1.0
111,1,1,-121,11,22,11,22,-111,11,12,122,1.0,10.18433342245967,17546.8047199872,17.9703515361914,24429.3859261156,19.2630090031162,9,11,1.0,16.5000000000000,19.0000000000000,1.0,10000,19000,1.0,10000,25000,1.0,17.0000000000000,20.0000000000000,1.0,10.193036880447133,16535.6407886410,17.8353525688526,23421.6528454399,19.1286544037267,16.5000000000000,19.0000000000000,1.0,9,11,1.0,17.0000000000000,20.0000000000000,1.0,10000,19000,1.0,10000,25000,1.0
111,1,1,-121,11,22,11,22,-111,11,12,121,1.0,9.996214400823987,15584.9587054343,17.6302760546793,22110.4486129714,18.9300804159974,9,11,1.0,16.5000000000000,19.0000000000000,1.0,10000,19000,1.0,10000,25000,1.0,17.0000000000000,20.0000000000000,1.0,10.009803196026573,15271.0504686557,17.5783104193494,21829.8194187674,18.8847435924949,16.5000000000000,19.0000000000000,1.0,9,11,1.0,17.0000000000000,20.0000000000000,1.0,10000,19000,1.0,10000,25000,1.0
111,1,1,-121,11,22,11,22,-111,11,12,122,1.0,10.16613098867022,16665.2969143093,17.8281579770629,23550.4378466321,19.1281033748047,9,11,1.0,16.5000000000000,19.0000000000000,1.0,10000,19000,1.0,10000,25000,1.0,17.0000000000000,20.0000000000000,1.0,10.19780322374662,15095.1134702015,17.5738200128228,22041.5561651086,18.8853394574764,16.5000000000000,19.0000000000000,1.0,9,11,1.0,17.0000000000000,20.0000000000000,1.0,10000,19000,1.0,10000,25000,1.0
111,1,1,-121,11,22,11,22,-111,11,12,121,0.0,9.99716480081627,18753.2245013919,18.2558617674674,25398.8576103104,19.5800399334717,9,11,1.0,16.5000000000000,19.0000000000000,1.0,10000,19000,1.0,10000,25000,0.0,17.0000000000000,20.0000000000000,1.0,10.007410981091827,15123.5790945377,17.5459145429035,21607.9338560695,18.8379571301362,16.5000000000000,19.0000000000000,1.0,9,11,1.0,17.0000000000000,20.0000000000000,1.0,10000,19000,1.0,10000,25000,1.0
111,1,1,-121,11,22,11,22,-111,11,12,122,1.0,10.205210633205235,14851.3246688869,17.5706080566644,21868.6951804926,18.8910406842398,9,11,1.0,16.5000000000000,19.0000000000000,1.0,10000,19000,1.0,10000,25000,1.0,17.0000000000000,20.0000000000000,1.0,10.24007523226533,16563.9328408516,17.8717197690544,23587.0150212797,19.1932271402048,16.5000000000000,19.0000000000000,1.0,9,11,1.0,17.0000000000000,20.0000000000000,1.0,10000,19000,1.0,10000,25000,1.0
