,partType_ID_num,line_ID_num,batch_ID_num,PSec_MVgeneration_*_Section_ID_num,PSec_MVgeneration__Section__MVgeneration_machine__MV1_*_T1_MV_Type_ID_num,PSec_MVgeneration__Section__MVgeneration_machine__MV1_*_T1_MV_Supplier_ID_num,PSec_MVgeneration__Section__MVgeneration_machine__MV2_*_T2_MV_Type_ID_num,PSec_MVgeneration__Section__MVgeneration_machine__MV2_*_T2_MV_Supplier_ID_num,PSec_HUgeneration_*_Section_ID_num,PSec_HUgeneration__Section__HUgeneration_machine__HU_*_HU_Block_Type_ID_num,PSec_HUgeneration__Section__HUgeneration_machine__HU_*_HU_Block_Supplier_ID_num,PSec_C2_*_Section_ID_num,PSec_C2__Section__Sec_C2_Machine1_*_ProcessResult,PSec_C2__Section__Sec_C2_Machine1__Sec_C2_Machine1_Step1c_T1_*_s0,PSec_C2__Section__Sec_C2_Machine1__Sec_C2_Machine1_Step1c_T1_*_Fgrad,PSec_C2__Section__Sec_C2_Machine1__Sec_C2_Machine1_Step1c_T1_*_Sgrad,PSec_C2__Section__Sec_C2_Machine1__Sec_C2_Machine1_Step1c_T1_*_Fmax,PSec_C2__Section__Sec_C2_Machine1__Sec_C2_Machine1_Step1c_T1_*_Smax,PSec_C2__Section__Sec_C2_Machine1__Sec_C2_Machine1_Step1c_T1_*_s0_LTL,PSec_C2__Section__Sec_C2_Machine1__Sec_C2_Machine1_Step1c_T1_*_s0_UTL,PSec_C2__Section__Sec_C2_Machine1__Sec_C2_Machine1_Step1c_T1_*_s0_MpGood,PSec_C2__Section__Sec_C2_Machine1__Sec_C2_Machine1_Step1c_T1_*_Smax_LTL,PSec_C2__Section__Sec_C2_Machine1__Sec_C2_Machine1_Step1c_T1_*_Smax_UTL,PSec_C2__Section__Sec_C2_Machine1__Sec_C2_Machine1_Step1c_T1_*_Smax_MpGood,PSec_C2__Section__Sec_C2_Machine1__Sec_C2_Machine1_Step1c_T1_*_Fgrad_LTL,PSec_C2__Section__Sec_C2_Machine1__Sec_C2_Machine1_Step1c_T1_*_Fgrad_UTL,PSec_C2__Section__Sec_C2_Machine1__Sec_C2_Machine1_Step1c_T1_*_Fgrad_MpGood,PSec_C2__Section__Sec_C2_Machine1__Sec_C2_Machine1_Step1c_T1_*_Sgrad_LTL,PSec_C2__Section__Sec_C2_Machine1__Sec_C2_Machine1_Step1c_T1_*_Sgrad_UTL,PSec_C2__Section__Sec_C2_Machine1__Sec_C2_Machine1_Step1c_T1_*_Sgrad_MpGood,PSec_C2__Section__Sec_C2_Machine1__Sec_C2_Machine1_Step1c_T1_*_Fmax_LTL,PSec_C2__Section__Sec_C2_Machine1__Sec_C2_Machine1_Step1c_T1_*_Fmax_UTL,PSec_C2__Section__Sec_C2_Machine1__Sec_C2_Machine1_Step1c_T1_*_Fmax_MpGood,PSec_C2__Section__Sec_C2_Machine1__Sec_C2_Machine1_Step1d_T2_*_s0,PSec_C2__Section__Sec_C2_Machine1__Sec_C2_Machine1_Step1d_T2_*_Fgrad,PSec_C2__Section__Sec_C2_Machine1__Sec_C2_Machine1_Step1d_T2_*_Sgrad,PSec_C2__Section__Sec_C2_Machine1__Sec_C2_Machine1_Step1d_T2_*_Fmax,PSec_C2__Section__Sec_C2_Machine1__Sec_C2_Machine1_Step1d_T2_*_Smax,PSec_C2__Section__Sec_C2_Machine1__Sec_C2_Machine1_Step1d_T2_*_Fgrad_LTL,PSec_C2__Section__Sec_C2_Machine1__Sec_C2_Machine1_Step1d_T2_*_Fgrad_UTL,PSec_C2__Section__Sec_C2_Machine1__Sec_C2_Machine1_Step1d_T2_*_Fgrad_MpGood,PSec_C2__Section__Sec_C2_Machine1__Sec_C2_Machine1_Step1d_T2_*_Fmax_LTL,PSec_C2__Section__Sec_C2_Machine1__Sec_C2_Machine1_Step1d_T2_*_Fmax_UTL,PSec_C2__Section__Sec_C2_Machine1__Sec_C2_Machine1_Step1d_T2_*_Fmax_MpGood,PSec_C2__Section__Sec_C2_Machine1__Sec_C2_Machine1_Step1d_T2_*_Smax_LTL,PSec_C2__Section__Sec_C2_Machine1__Sec_C2_Machine1_Step1d_T2_*_Smax_UTL,PSec_C2__Section__Sec_C2_Machine1__Sec_C2_Machine1_Step1d_T2_*_Smax_MpGood,PSec_C2__Section__Sec_C2_Machine1__Sec_C2_Machine1_Step1d_T2_*_Sgrad_LTL,PSec_C2__Section__Sec_C2_Machine1__Sec_C2_Machine1_Step1d_T2_*_Sgrad_UTL,PSec_C2__Section__Sec_C2_Machine1__Sec_C2_Machine1_Step1d_T2_*_Sgrad_MpGood,PSec_C2__Section__Sec_C2_Machine1__Sec_C2_Machine1_Step1d_T2_*_s0_LTL,PSec_C2__Section__Sec_C2_Machine1__Sec_C2_Machine1_Step1d_T2_*_s0_UTL,PSec_C2__Section__Sec_C2_Machine1__Sec_C2_Machine1_Step1d_T2_*_s0_MpGood
0,111,1,20,-121,11,22,11,21,-111,11,11,122,1.0,10.203903998875909,13395.1782310840,17.2366681840698,20384.3865114550,18.5520708841820,9,11,1.0,17.0000000000000,20.0000000000000,1.0,10000,19000,1.0,16.5000000000000,19.0000000000000,1.0,10000,25000,1.0,10.2068296492256,15971.6373916091,17.6849493812600,22911.2567274962,18.9910192029041,10000,19000,1.0,10000,25000,1.0,17.0000000000000,20.0000000000000,1.0,16.5000000000000,19.0000000000000,1.0,9,11,1.0
1,111,1,20,-121,11,22,11,21,-111,11,11,121,0.0,9.995005717701282,15166.5498632630,17.5432198153539,21658.3546082304,18.8411538322015,9,11,1.0,17.0000000000000,20.0000000000000,1.0,10000,19000,1.0,16.5000000000000,19.0000000000000,1.0,10000,25000,1.0,9.99150188396758,10036.4034203741,16.4887543017166,16532.3135659240,17.7875091286899,10000,19000,1.0,10000,25000,1.0,17.0000000000000,20.0000000000000,1.0,16.5000000000000,19.0000000000000,0.0,9,11,1.0
2,111,1,20,-121,11,22,11,21,-111,11,11,122,1.0,10.197069712086293,14342.2144324045,17.4401398522139,21244.0032751991,18.7384420088164,9,11,1.0,17.0000000000000,20.0000000000000,1.0,10000,19000,1.0,16.5000000000000,19.0000000000000,1.0,10000,25000,1.0,10.204317299034312,13845.6308707871,17.2915282679975,20932.5244010467,18.6246506459088,10000,19000,1.0,10000,25000,1.0,17.0000000000000,20.0000000000000,1.0,16.5000000000000,19.0000000000000,1.0,9,11,1.0
3,111,1,20,-121,11,22,11,21,-111,11,11,121,1.0,10.019480925076488,14020.9524772523,17.3779227028606,20536.4803535689,18.6845795840340,9,11,1.0,17.0000000000000,20.0000000000000,1.0,10000,19000,1.0,16.5000000000000,19.0000000000000,1.0,10000,25000,1.0,9.995131961470994,13613.1664379829,17.1976538290422,20144.5726563442,18.5074950331573,10000,19000,1.0,10000,25000,1.0,17.0000000000000,20.0000000000000,1.0,16.5000000000000,19.0000000000000,1.0,9,11,1.0
4,111,1,20,-121,11,22,11,21,-111,11,11,122,1.0,10.2157683736376,15201.0001378801,17.5686175729202,22319.3620415735,18.9127720315698,9,11,1.0,17.0000000000000,20.0000000000000,1.0,10000,19000,1.0,16.5000000000000,19.0000000000000,1.0,10000,25000,1.0,10.196821074179562,16116.3045828045,17.7400276958001,23115.6490115140,19.0617081819514,10000,19000,1.0,10000,25000,1.0,17.0000000000000,20.0000000000000,1.0,16.5000000000000,19.0000000000000,1.0,9,11,1.0
5,111,1,20,-121,11,22,11,21,-111,11,11,121,1.0,10.001118881091996,11573.0956185654,16.8778100601719,18082.3559225700,18.1807105961332,9,11,1.0,17.0000000000000,20.0000000000000,1.0,10000,19000,1.0,16.5000000000000,19.0000000000000,1.0,10000,25000,1.0,9.98682188224888,12508.7297689107,17.0057730019496,19119.3963854053,18.3289711343693,10000,19000,1.0,10000,25000,1.0,17.0000000000000,20.0000000000000,1.0,16.5000000000000,19.0000000000000,1.0,9,11,1.0
6,111,1,20,-121,11,22,11,21,-111,11,11,122,1.0,10.20373420434694,13564.0816929905,17.3137724582694,20504.8850386453,18.6278850234082,9,11,1.0,17.0000000000000,20.0000000000000,1.0,10000,19000,1.0,16.5000000000000,19.0000000000000,1.0,10000,25000,1.0,10.202130834744311,13242.9712875556,17.1868290924415,20332.8714117920,18.5291703712318,10000,19000,1.0,10000,25000,1.0,17.0000000000000,20.0000000000000,1.0,16.5000000000000,19.0000000000000,1.0,9,11,1.0
7,111,1,20,-121,11,22,11,21,-111,11,11,121,1.0,10.007253200071782,15916.3583751482,17.7252205544455,22466.5191674952,19.0366063942961,9,11,1.0,17.0000000000000,20.0000000000000,1.0,10000,19000,1.0,16.5000000000000,19.0000000000000,1.0,10000,25000,1.0,10.008701626587607,11290.8824910944,16.7465872158039,17765.5511602473,18.0428590295236,10000,19000,1.0,10000,25000,1.0,17.0000000000000,20.0000000000000,1.0,16.5000000000000,19.0000000000000,1.0,9,11,1.0
8,111,1,20,-121,11,22,11,21,-111,11,11,122,1.0,10.196751420637579,15030.1304670084,17.5233463476610,21835.6353309234,18.8111288813931,9,11,1.0,17.0000000000000,20.0000000000000,1.0,10000,19000,1.0,16.5000000000000,19.0000000000000,1.0,10000,25000,1.0,10.202274556988854,11161.1927576934,16.8093635290662,18050.8620858165,18.1130722180410,10000,19000,1.0,10000,25000,1.0,17.0000000000000,20.0000000000000,1.0,16.5000000000000,19.0000000000000,1.0,9,11,1.0
9,111,1,20,-121,11,22,11,21,-111,11,11,121,1.0,9.991649767626916,11497.6600953160,16.8359722702971,18024.7106644974,18.1433187727228,9,11,1.0,17.0000000000000,20.0000000000000,1.0,10000,19000,1.0,16.5000000000000,19.0000000000000,1.0,10000,25000,1.0,10.017577398892046,18006.6422080724,18.1035935077605,24450.2026152340,19.3942172086472,10000,19000,1.0,10000,25000,1.0,17.0000000000000,20.0000000000000,1.0,16.5000000000000,19.0000000000000,1.0,9,11,1.0
10,111,1,20,-121,11,22,11,21,-111,11,11,122,1.0,10.18764251791403,15518.6207216663,17.6650807365949,22422.5016485882,18.9608778240734,9,11,1.0,17.0000000000000,20.0000000000000,1.0,10000,19000,1.0,16.5000000000000,19.0000000000000,1.0,10000,25000,1.0,10.206014172895628,14560.1194823302,17.4200360888368,21399.3020006853,18.7036898600743,10000,19000,1.0,10000,25000,1.0,17.0000000000000,20.0000000000000,1.0,16.5000000000000,19.0000000000000,1.0,9,11,1.0
11,111,1,20,-121,11,22,11,21,-111,11,11,121,1.0,10.012402665235117,13757.3160757875,17.2801688070440,20294.7135347585,18.5845126197906,9,11,1.0,17.0000000000000,20.0000000000000,1.0,10000,19000,1.0,16.5000000000000,19.0000000000000,1.0,10000,25000,1.0,10.006099465211603,14751.4994785240,17.4084031573133,21329.7912248150,18.7209062124766,10000,19000,1.0,10000,25000,1.0,17.0000000000000,20.0000000000000,1.0,16.5000000000000,19.0000000000000,1.0,9,11,1.0
12,111,1,20,-121,11,22,11,21,-111,11,11,122,0.0,10.216171627066359,14445.3433303704,17.4929602919538,21319.4370016020,18.7988390273780,9,11,1.0,17.0000000000000,20.0000000000000,1.0,10000,19000,1.0,16.5000000000000,19.0000000000000,1.0,10000,25000,1.0,10.191654561978066,9525.43134910445,16.5098000941597,16522.3380783797,17.8390097541540,10000,19000,0.0,10000,25000,1.0,17.0000000000000,20.0000000000000,1.0,16.5000000000000,19.0000000000000,1.0,9,11,1.0
13,111,1,20,-121,11,22,11,21,-111,11,11,121,1.0,10.011057222280797,14576.3727614592,17.4811759150281,21132.3769126129,18.7971426883567,9,11,1.0,17.0000000000000,20.0000000000000,1.0,10000,19000,1.0,16.5000000000000,19.0000000000000,1.0,10000,25000,1.0,10.016840327756563,14017.8360988781,17.3447481325349,20531.0608405689,18.6521279251145,10000,19000,1.0,10000,25000,1.0,17.0000000000000,20.0000000000000,1.0,16.5000000000000,19.0000000000000,1.0,9,11,1.0
14,111,1,20,-121,11,22,11,21,-111,11,11,122,0.0,10.20312243188523,19029.1113583498,18.3479252056813,26225.8279355041,19.7147185354976,9,11,1.0,17.0000000000000,20.0000000000000,1.0,10000,19000,0.0,16.5000000000000,19.0000000000000,1.0,10000,25000,0.0,10.185559813801829,15587.6183829682,17.6192016467444,22698.6978405071,18.9697308590816,10000,19000,1.0,10000,25000,1.0,17.0000000000000,20.0000000000000,1.0,16.5000000000000,19.0000000000000,1.0,9,11,1.0
15,111,1,20,-121,11,22,11,21,-111,11,11,121,1.0,9.98449780892064,14415.2817797922,17.3883118206279,20869.5728232486,18.6812051775991,9,11,1.0,17.0000000000000,20.0000000000000,1.0,10000,19000,1.0,16.5000000000000,19.0000000000000,1.0,10000,25000,1.0,9.994524251309434,15726.7350856894,17.6507702637403,22306.3777692985,18.9687734742567,10000,19000,1.0,10000,25000,1.0,17.0000000000000,20.0000000000000,1.0,16.5000000000000,19.0000000000000,1.0,9,11,1.0
16,111,1,20,-121,11,22,11,21,-111,11,11,122,1.0,10.184785450886173,16147.1430029567,17.7415660345220,23039.3969872800,19.0355051489778,9,11,1.0,17.0000000000000,20.0000000000000,1.0,10000,19000,1.0,16.5000000000000,19.0000000000000,1.0,10000,25000,1.0,10.194768250910602,14353.6049144573,17.3476149628445,21406.1500425000,18.6716468424582,10000,19000,1.0,10000,25000,1.0,17.0000000000000,20.0000000000000,1.0,16.5000000000000,19.0000000000000,1.0,9,11,1.0
17,111,1,20,-121,11,22,11,21,-111,11,11,122,1.0,10.153219047086887,18059.6617765136,18.0849322065804,24965.2728368433,19.3898805168828,9,11,1.0,17.0000000000000,20.0000000000000,1.0,10000,19000,1.0,16.5000000000000,19.0000000000000,1.0,10000,25000,1.0,10.203922294802949,15392.5984753669,17.6078512832698,22356.1090669612,18.9237408259745,10000,19000,1.0,10000,25000,1.0,17.0000000000000,20.0000000000000,1.0,16.5000000000000,19.0000000000000,1.0,9,11,1.0
18,111,1,20,-121,11,22,11,21,-111,11,11,121,1.0,9.976590494687121,15790.2913454707,17.6486533284380,22307.0313683138,18.9510062965713,9,11,1.0,17.0000000000000,20.0000000000000,1.0,10000,19000,1.0,16.5000000000000,19.0000000000000,1.0,10000,25000,1.0,10.00710633398415,13833.7894082392,17.2479697086208,20343.8613212728,18.5489900729412,10000,19000,1.0,10000,25000,1.0,17.0000000000000,20.0000000000000,1.0,16.5000000000000,19.0000000000000,1.0,9,11,1.0
19,111,1,20,-121,11,22,11,21,-111,11,11,122,0.0,10.191645499263403,14212.4455502928,17.4180986890408,21141.4347909076,18.7337422514674,9,11,1.0,17.0000000000000,20.0000000000000,1.0,10000,19000,1.0,16.5000000000000,19.0000000000000,1.0,10000,25000,1.0,10.187498339086213,8992.72773731665,16.3686493139186,16116.7476246361,17.7213243690929,10000,19000,0.0,10000,25000,1.0,17.0000000000000,20.0000000000000,1.0,16.5000000000000,19.0000000000000,0.0,9,11,1.0
20,111,1,20,-121,11,22,11,21,-111,11,11,121,1.0,9.998484301329478,16242.7567496663,17.8560382180088,22738.5912373704,19.1599353363025,9,11,1.0,17.0000000000000,20.0000000000000,1.0,10000,19000,1.0,16.5000000000000,19.0000000000000,1.0,10000,25000,1.0,10.009673236607648,13868.2052897900,17.2919013460937,20390.8446380831,18.6011789556152,10000,19000,1.0,10000,25000,1.0,17.0000000000000,20.0000000000000,1.0,16.5000000000000,19.0000000000000,1.0,9,11,1.0
21,111,1,20,-121,11,22,11,21,-111,11,11,122,0.0,10.173016202282652,18154.0016638697,18.1283698855577,25445.0673802752,19.5061580013682,9,11,1.0,17.0000000000000,20.0000000000000,1.0,10000,19000,1.0,16.5000000000000,19.0000000000000,1.0,10000,25000,0.0,10.192778473499843,16080.0798700903,17.7338572773652,23140.4357867675,19.0680483070116,10000,19000,1.0,10000,25000,1.0,17.0000000000000,20.0000000000000,1.0,16.5000000000000,19.0000000000000,1.0,9,11,1.0
22,111,1,20,-121,11,22,11,21,-111,11,11,121,1.0,10.000423215113532,15248.3011248335,17.5545768021539,21787.1009868421,18.8576547736850,9,11,1.0,17.0000000000000,20.0000000000000,1.0,10000,19000,1.0,16.5000000000000,19.0000000000000,1.0,10000,25000,1.0,9.989992210041663,16029.0658973111,17.6187204463267,22610.9460596495,18.9303836309782,10000,19000,1.0,10000,25000,1.0,17.0000000000000,20.0000000000000,1.0,16.5000000000000,19.0000000000000,1.0,9,11,1.0
23,111,1,20,-121,11,22,11,21,-111,11,11,122,1.0,10.19524500886983,16880.6520452253,17.8966611756970,23796.3228652485,19.2034518480882,9,11,1.0,17.0000000000000,20.0000000000000,1.0,10000,19000,1.0,16.5000000000000,19.0000000000000,1.0,10000,25000,1.0,10.212893215923703,16962.5203715172,17.9045159862413,24036.6475924975,19.2412487065033,10000,19000,1.0,10000,25000,1.0,17.0000000000000,20.0000000000000,1.0,16.5000000000000,19.0000000000000,1.0,9,11,1.0
24,111,1,20,-121,11,22,11,21,-111,11,11,121,0.0,9.98909567196139,19145.6760952728,18.3586311304871,25617.8277598963,19.6493270660543,9,11,1.0,17.0000000000000,20.0000000000000,1.0,10000,19000,0.0,16.5000000000000,19.0000000000000,1.0,10000,25000,0.0,10.01143145958263,12470.8909024176,16.9876304870134,19027.4640202057,18.2951620024805,10000,19000,1.0,10000,25000,1.0,17.0000000000000,20.0000000000000,1.0,16.5000000000000,19.0000000000000,1.0,9,11,1.0
25,111,1,20,-121,11,22,11,21,-111,11,11,122,1.0,10.187358950506932,16629.2436431187,17.8507865918106,23677.4569590750,19.1805765042874,9,11,1.0,17.0000000000000,20.0000000000000,1.0,10000,19000,1.0,16.5000000000000,19.0000000000000,1.0,10000,25000,1.0,10.190655913793828,14793.4110892142,17.4814709412403,21877.4721342815,18.8180242626010,10000,19000,1.0,10000,25000,1.0,17.0000000000000,20.0000000000000,1.0,16.5000000000000,19.0000000000000,1.0,9,11,1.0
26,111,1,20,-121,11,22,11,21,-111,11,11,121,1.0,10.01617465176435,13484.5210085764,17.2422370448354,19951.9346690620,18.5338339659729,9,11,1.0,17.0000000000000,20.0000000000000,1.0,10000,19000,1.0,16.5000000000000,19.0000000000000,1.0,10000,25000,1.0,9.988491770260232,13177.2197378545,17.0663519046459,19649.8397566528,18.3589885793418,10000,19000,1.0,10000,25000,1.0,17.0000000000000,20.0000000000000,1.0,16.5000000000000,19.0000000000000,1.0,9,11,1.0
27,111,1,20,-121,11,22,11,21,-111,11,11,122,1.0,10.216198859756723,17688.0998053846,18.0831425706713,24681.4957440222,19.4021617334011,9,11,1.0,17.0000000000000,20.0000000000000,1.0,10000,19000,1.0,16.5000000000000,19.0000000000000,1.0,10000,25000,1.0,10.196640015456463,11001.6761226954,16.7646600819614,18053.9758577111,18.0947890455465,10000,19000,1.0,10000,25000,1.0,17.0000000000000,20.0000000000000,1.0,16.5000000000000,19.0000000000000,1.0,9,11,1.0
28,111,1,20,-121,11,22,11,21,-111,11,11,121,1.0,10.022355300133157,18300.5169723662,18.2206908742608,24764.2284148912,19.5180224573189,9,11,1.0,17.0000000000000,20.0000000000000,1.0,10000,19000,1.0,16.5000000000000,19.0000000000000,1.0,10000,25000,1.0,10.002140170283827,12841.3993458961,17.0756120178291,19261.0376074562,18.3640976723305,10000,19000,1.0,10000,25000,1.0,17.0000000000000,20.0000000000000,1.0,16.5000000000000,19.0000000000000,1.0,9,11,1.0
29,111,1,20,-121,11,22,11,21,-111,11,11,122,0.0,10.228160130014752,19985.4817582541,18.5242364647181,26944.3185962264,19.8372551063770,9,11,1.0,17.0000000000000,20.0000000000000,1.0,10000,19000,0.0,16.5000000000000,19.0000000000000,1.0,10000,25000,0.0,10.215282670360395,12087.7897938490,16.9427651376387,19139.3604508234,18.2732811335103,10000,19000,1.0,10000,25000,1.0,17.0000000000000,20.0000000000000,1.0,16.5000000000000,19.0000000000000,1.0,9,11,1.0
30,111,1,20,-121,11,22,11,21,-111,11,11,121,1.0,9.984304685644448,16628.6663335404,17.8298748213019,23117.8587519834,19.1281806903235,9,11,1.0,17.0000000000000,20.0000000000000,1.0,10000,19000,1.0,16.5000000000000,19.0000000000000,1.0,10000,25000,1.0,9.991138216671082,14755.2426255973,17.4102524565498,21328.7626468453,18.7254299198442,10000,19000,1.0,10000,25000,1.0,17.0000000000000,20.0000000000000,1.0,16.5000000000000,19.0000000000000,1.0,9,11,1.0
31,111,1,20,-121,11,22,11,21,-111,11,11,122,1.0,10.200648328500064,16909.6928953046,17.9022673678716,23846.6142992691,19.2121075336509,9,11,1.0,17.0000000000000,20.0000000000000,1.0,10000,19000,1.0,16.5000000000000,19.0000000000000,1.0,10000,25000,1.0,10.18687484995916,13349.7218765023,17.1744408543117,20558.9375746178,18.5356960473952,10000,19000,1.0,10000,25000,1.0,17.0000000000000,20.0000000000000,1.0,16.5000000000000,19.0000000000000,1.0,9,11,1.0
32,111,1,20,-121,11,22,11,21,-111,11,11,121,1.0,9.999303236857251,14556.4808722360,17.4248192566726,21028.5006215615,18.7208980828253,9,11,1.0,17.0000000000000,20.0000000000000,1.0,10000,19000,1.0,16.5000000000000,19.0000000000000,1.0,10000,25000,1.0,9.976957332231192,12517.5072786618,16.9606732850925,19077.4492800722,18.2743593148212,10000,19000,1.0,10000,25000,1.0,17.0000000000000,20.0000000000000,1.0,16.5000000000000,19.0000000000000,1.0,9,11,1.0
33,111,1,20,-121,11,22,11,21,-111,11,11,122,1.0,10.173248332162762,13983.8073634469,17.3451761282588,21001.4445158705,18.6638213470067,9,11,1.0,17.0000000000000,20.0000000000000,1.0,10000,19000,1.0,16.5000000000000,19.0000000000000,1.0,10000,25000,1.0,10.20773948570602,17860.4215180901,18.0460501700402,24826.1411301407,19.3549398521459,10000,19000,1.0,10000,25000,1.0,17.0000000000000,20.0000000000000,1.0,16.5000000000000,19.0000000000000,1.0,9,11,1.0
34,111,1,20,-121,11,22,11,21,-111,11,11,121,1.0,10.012412151431995,13921.7445845807,17.2726920767978,20450.5730058902,18.5723525609685,9,11,1.0,17.0000000000000,20.0000000000000,1.0,10000,19000,1.0,16.5000000000000,19.0000000000000,1.0,10000,25000,1.0,10.007774487304154,13649.4565830014,17.2134117466978,20122.1266401577,18.5018930725209,10000,19000,1.0,10000,25000,1.0,17.0000000000000,20.0000000000000,1.0,16.5000000000000,19.0000000000000,1.0,9,11,1.0
35,111,1,20,-121,11,22,11,21,-111,11,11,122,0.0,10.206294787065135,19208.7236775985,18.3688564591421,26033.0598048154,19.6551331643100,9,11,1.0,17.0000000000000,20.0000000000000,1.0,10000,19000,0.0,16.5000000000000,19.0000000000000,1.0,10000,25000,0.0,10.183523340835201,13479.1698419564,17.1839497085350,20282.2281041891,18.4662158811684,10000,19000,1.0,10000,25000,1.0,17.0000000000000,20.0000000000000,1.0,16.5000000000000,19.0000000000000,1.0,9,11,1.0
36,111,1,20,-121,11,22,11,21,-111,11,11,121,1.0,9.986234130282895,15218.7168291428,17.5517297634151,21809.7294104684,18.8684946438034,9,11,1.0,17.0000000000000,20.0000000000000,1.0,10000,19000,1.0,16.5000000000000,19.0000000000000,1.0,10000,25000,1.0,10.017595192539927,14980.9945171446,17.5117789416208,21459.4100222178,18.8060489665049,10000,19000,1.0,10000,25000,1.0,17.0000000000000,20.0000000000000,1.0,16.5000000000000,19.0000000000000,1.0,9,11,1.0
37,111,1,20,-121,11,22,11,21,-111,11,11,122,0.0,10.200880135880833,18666.1346675002,18.2624303060070,25727.2161971166,19.5924447213267,9,11,1.0,17.0000000000000,20.0000000000000,1.0,10000,19000,1.0,16.5000000000000,19.0000000000000,1.0,10000,25000,0.0,10.18796063398143,13493.0674612255,17.2088552157239,20691.9598155272,18.5648274652152,10000,19000,1.0,10000,25000,1.0,17.0000000000000,20.0000000000000,1.0,16.5000000000000,19.0000000000000,1.0,9,11,1.0
38,111,1,20,-121,11,22,11,21,-111,11,11,122,0.0,10.18068750723389,19222.6572037195,18.3706658839750,26264.4223585395,19.6947611103969,9,11,1.0,17.0000000000000,20.0000000000000,1.0,10000,19000,0.0,16.5000000000000,19.0000000000000,1.0,10000,25000,0.0,10.189254467739318,11409.0736050166,16.8287088685349,18412.9918952339,18.1456875763491,10000,19000,1.0,10000,25000,1.0,17.0000000000000,20.0000000000000,1.0,16.5000000000000,19.0000000000000,1.0,9,11,1.0
39,111,1,20,-121,11,22,11,21,-111,11,11,121,1.0,9.997286069626352,11620.7652985476,16.8762755248885,18095.1040463778,18.1735310657205,9,11,1.0,17.0000000000000,20.0000000000000,1.0,10000,19000,1.0,16.5000000000000,19.0000000000000,1.0,10000,25000,1.0,10.008779892923746,12290.1936541135,16.9292770141247,18824.6962613934,18.2385875157903,10000,19000,1.0,10000,25000,1.0,17.0000000000000,20.0000000000000,1.0,16.5000000000000,19.0000000000000,1.0,9,11,1.0
40,111,1,20,-121,11,22,11,21,-111,11,11,122,0.0,10.211710594369924,18602.8223111180,18.2122696690726,25363.5692332030,19.4756613312095,9,11,1.0,17.0000000000000,20.0000000000000,1.0,10000,19000,1.0,16.5000000000000,19.0000000000000,1.0,10000,25000,0.0,10.22544544204707,16556.3944864441,17.8161456532756,23490.2051603972,19.1118780173569,10000,19000,1.0,10000,25000,1.0,17.0000000000000,20.0000000000000,1.0,16.5000000000000,19.0000000000000,1.0,9,11,1.0
41,111,1,20,-121,11,22,11,21,-111,11,11,121,0.0,10.006456117245996,18932.1022976438,18.2918778340137,25428.9498787246,19.5909909225842,9,11,1.0,17.0000000000000,20.0000000000000,1.0,10000,19000,1.0,16.5000000000000,19.0000000000000,1.0,10000,25000,0.0,9.988926237673303,11928.1989410982,16.8435827527653,18348.6159761894,18.1274127488171,10000,19000,1.0,10000,25000,1.0,17.0000000000000,20.0000000000000,1.0,16.5000000000000,19.0000000000000,1.0,9,11,1.0
42,111,1,20,-121,11,22,11,21,-111,11,11,122,1.0,10.184847505844152,15608.0563781699,17.6532495679436,22606.1192952404,18.9697872504739,9,11,1.0,17.0000000000000,20.0000000000000,1.0,10000,19000,1.0,16.5000000000000,19.0000000000000,1.0,10000,25000,1.0,10.196439623272578,13719.4338495926,17.2620219585119,20654.7583559191,18.5667567346001,10000,19000,1.0,10000,25000,1.0,17.0000000000000,20.0000000000000,1.0,16.5000000000000,19.0000000000000,1.0,9,11,1.0
43,111,1,20,-121,11,22,11,21,-111,11,11,121,1.0,10.013411326022524,14765.1108258813,17.4940825525479,21305.2180741796,18.7991821125338,9,11,1.0,17.0000000000000,20.0000000000000,1.0,10000,19000,1.0,16.5000000000000,19.0000000000000,1.0,10000,25000,1.0,9.975580525825334,12998.2223869123,17.0628776677358,19442.9041196972,18.3489347573799,10000,19000,1.0,10000,25000,1.0,17.0000000000000,20.0000000000000,1.0,16.5000000000000,19.0000000000000,1.0,9,11,1.0
44,111,1,20,-121,11,22,11,21,-111,11,11,122,1.0,10.204536060799143,14071.7947256095,17.4363334031102,21183.3483397002,18.7762467509916,9,11,1.0,17.0000000000000,20.0000000000000,1.0,10000,19000,1.0,16.5000000000000,19.0000000000000,1.0,10000,25000,1.0,10.198712367022651,16570.9321152116,17.7743323992379,23454.2578640231,19.0712445156528,10000,19000,1.0,10000,25000,1.0,17.0000000000000,20.0000000000000,1.0,16.5000000000000,19.0000000000000,1.0,9,11,1.0
45,111,1,20,-121,11,22,11,21,-111,11,11,121,1.0,10.001212200506878,15135.6368319637,17.5611738613374,21631.3879347097,18.8626821827701,9,11,1.0,17.0000000000000,20.0000000000000,1.0,10000,19000,1.0,16.5000000000000,19.0000000000000,1.0,10000,25000,1.0,9.978135193028214,13316.9707682211,17.1361627675237,19748.2192099183,18.4247471408583,10000,19000,1.0,10000,25000,1.0,17.0000000000000,20.0000000000000,1.0,16.5000000000000,19.0000000000000,1.0,9,11,1.0
46,111,1,20,-121,11,22,11,21,-111,11,11,122,1.0,10.232332353510804,12481.2396178613,17.1847724712582,19456.0814716544,18.5087458233243,9,11,1.0,17.0000000000000,20.0000000000000,1.0,10000,19000,1.0,16.5000000000000,19.0000000000000,1.0,10000,25000,1.0,10.215530465872115,14585.0160835827,17.5036493844676,21761.6447021919,18.8659261568859,10000,19000,1.0,10000,25000,1.0,17.0000000000000,20.0000000000000,1.0,16.5000000000000,19.0000000000000,1.0,9,11,1.0
47,111,1,20,-121,11,22,11,21,-111,11,11,121,1.0,9.99698841788529,17327.1716469640,18.0154180685650,23859.0877080061,19.3236317847027,9,11,1.0,17.0000000000000,20.0000000000000,1.0,10000,19000,1.0,16.5000000000000,19.0000000000000,1.0,10000,25000,1.0,9.995670265062062,12768.6952112741,16.9930455849509,19294.8682795409,18.3001090931174,10000,19000,1.0,10000,25000,1.0,17.0000000000000,20.0000000000000,1.0,16.5000000000000,19.0000000000000,1.0,9,11,1.0
48,111,1,20,-121,11,22,11,21,-111,11,11,122,1.0,10.206129688190874,14477.8260989440,17.4711570107500,21525.4830126066,18.8038512615501,9,11,1.0,17.0000000000000,20.0000000000000,1.0,10000,19000,1.0,16.5000000000000,19.0000000000000,1.0,10000,25000,1.0,10.16407128393248,15528.7417783794,17.5843711484024,22685.8234006841,18.9377573372309,10000,19000,1.0,10000,25000,1.0,17.0000000000000,20.0000000000000,1.0,16.5000000000000,19.0000000000000,1.0,9,11,1.0
49,111,1,20,-121,11,22,11,21,-111,11,11,121,1.0,10.00484585350809,15764.5032030602,17.7139778738738,22283.4518165904,19.0191621096323,9,11,1.0,17.0000000000000,20.0000000000000,1.0,10000,19000,1.0,16.5000000000000,19.0000000000000,1.0,10000,25000,1.0,9.991802603669012,14339.4130138786,17.3798991626130,20786.5792866445,18.6707115747653,10000,19000,1.0,10000,25000,1.0,17.0000000000000,20.0000000000000,1.0,16.5000000000000,19.0000000000000,1.0,9,11,1.0
50,111,1,20,-121,11,22,11,21,-111,11,11,122,1.0,10.204874592853292,15188.4906986465,17.5739121765610,22210.8496041726,18.8938494849389,9,11,1.0,17.0000000000000,20.0000000000000,1.0,10000,19000,1.0,16.5000000000000,19.0000000000000,1.0,10000,25000,1.0,10.225859111292053,14794.9403601960,17.4689413396204,21633.9912485575,18.7544236886270,10000,19000,1.0,10000,25000,1.0,17.0000000000000,20.0000000000000,1.0,16.5000000000000,19.0000000000000,1.0,9,11,1.0
51,111,1,20,-121,11,22,11,21,-111,11,11,121,1.0,9.99302800424555,18515.3168929728,18.2441698084099,24979.7993913367,19.5304139259213,9,11,1.0,17.0000000000000,20.0000000000000,1.0,10000,19000,1.0,16.5000000000000,19.0000000000000,1.0,10000,25000,1.0,9.99096041683957,14960.3227457186,17.4502926956416,21418.4957681066,18.7352814108279,10000,19000,1.0,10000,25000,1.0,17.0000000000000,20.0000000000000,1.0,16.5000000000000,19.0000000000000,1.0,9,11,1.0
52,111,1,20,-121,11,22,11,21,-111,11,11,122,0.0,10.19906669376244,18827.9870634205,18.2236787518327,25810.4652048697,19.5371899289803,9,11,1.0,17.0000000000000,20.0000000000000,1.0,10000,19000,1.0,16.5000000000000,19.0000000000000,1.0,10000,25000,0.0,10.196565203935327,13559.2675033764,17.2378943641759,20539.3273481412,18.5509506226456,10000,19000,1.0,10000,25000,1.0,17.0000000000000,20.0000000000000,1.0,16.5000000000000,19.0000000000000,1.0,9,11,1.0
53,111,1,20,-121,11,22,11,21,-111,11,11,121,1.0,10.000519480050873,16061.6310282067,17.7598253685381,22532.8867910535,19.0524953098227,9,11,1.0,17.0000000000000,20.0000000000000,1.0,10000,19000,1.0,16.5000000000000,19.0000000000000,1.0,10000,25000,1.0,9.993487311247117,15287.3776656584,17.5272930775426,21756.5638753745,18.8195496138836,10000,19000,1.0,10000,25000,1.0,17.0000000000000,20.0000000000000,1.0,16.5000000000000,19.0000000000000,1.0,9,11,1.0
54,111,1,20,-121,11,22,11,21,-111,11,11,122,1.0,10.228824900879689,12654.1512622961,17.1749845498877,19567.5347697101,18.4813886914776,9,11,1.0,17.0000000000000,20.0000000000000,1.0,10000,19000,1.0,16.5000000000000,19.0000000000000,1.0,10000,25000,1.0,10.198428617998752,13965.8528443841,17.3103903514616,21119.9786986492,18.6622869496244,10000,19000,1.0,10000,25000,1.0,17.0000000000000,20.0000000000000,1.0,16.5000000000000,19.0000000000000,1.0,9,11,1.0
55,111,1,20,-121,11,22,11,21,-111,11,11,121,1.0,9.991402922855436,18127.6615877086,18.1052039966604,24612.8997290144,19.3981259765775,9,11,1.0,17.0000000000000,20.0000000000000,1.0,10000,19000,1.0,16.5000000000000,19.0000000000000,1.0,10000,25000,1.0,10.015978771527989,12915.3874675632,17.0710837704035,19421.1267204468,18.3680929306514,10000,19000,1.0,10000,25000,1.0,17.0000000000000,20.0000000000000,1.0,16.5000000000000,19.0000000000000,1.0,9,11,1.0
56,111,1,20,-121,11,22,11,21,-111,11,11,122,1.0,10.21402403527193,15366.4082151826,17.6430888936557,22395.3107389094,18.9685062890761,9,11,1.0,17.0000000000000,20.0000000000000,1.0,10000,19000,1.0,16.5000000000000,19.0000000000000,1.0,10000,25000,1.0,10.209071440193677,15049.2356298073,17.5330019626214,21967.1615329553,18.8374928559451,10000,19000,1.0,10000,25000,1.0,17.0000000000000,20.0000000000000,1.0,16.5000000000000,19.0000000000000,1.0,9,11,1.0
57,111,1,20,-121,11,22,11,21,-111,11,11,121,1.0,9.996579747737904,17730.8885418495,18.1147168742063,24273.4190037280,19.4354082904955,9,11,1.0,17.0000000000000,20.0000000000000,1.0,10000,19000,1.0,16.5000000000000,19.0000000000000,1.0,10000,25000,1.0,9.992022458862289,15538.9910271416,17.5908049526845,21988.5963690175,18.8927382739125,10000,19000,1.0,10000,25000,1.0,17.0000000000000,20.0000000000000,1.0,16.5000000000000,19.0000000000000,1.0,9,11,1.0
58,111,1,20,-121,11,22,11,21,-111,11,11,122,1.0,10.205334540379393,14802.1323205910,17.5866998480405,21857.0917716443,18.9202319653600,9,11,1.0,17.0000000000000,20.0000000000000,1.0,10000,19000,1.0,16.5000000000000,19.0000000000000,1.0,10000,25000,1.0,10.190555456557174,11725.5675388907,16.9036307680130,18740.6041011399,18.2296166400555,10000,19000,1.0,10000,25000,1.0,17.0000000000000,20.0000000000000,1.0,16.5000000000000,19.0000000000000,1.0,9,11,1.0
59,111,1,20,-121,11,22,11,21,-111,11,11,121,1.0,9.990352856695656,17298.2134186259,17.9698318518171,23867.7055175404,19.2853220218022,9,11,1.0,17.0000000000000,20.0000000000000,1.0,10000,19000,1.0,16.5000000000000,19.0000000000000,1.0,10000,25000,1.0,9.998015759744103,12830.4895364562,17.0217069358417,19237.2361107423,18.3046085685953,10000,19000,1.0,10000,25000,1.0,17.0000000000000,20.0000000000000,1.0,16.5000000000000,19.0000000000000,1.0,9,11,1.0
60,111,1,20,-121,11,22,11,21,-111,11,11,122,1.0,10.188702722399787,15611.8209023119,17.6133061520564,22454.4148706996,18.9073469817504,9,11,1.0,17.0000000000000,20.0000000000000,1.0,10000,19000,1.0,16.5000000000000,19.0000000000000,1.0,10000,25000,1.0,10.205275710804228,15224.2083822465,17.5725044813735,22471.1219273662,18.9430084247570,10000,19000,1.0,10000,25000,1.0,17.0000000000000,20.0000000000000,1.0,16.5000000000000,19.0000000000000,1.0,9,11,1.0
61,111,1,20,-121,11,22,11,21,-111,11,11,121,1.0,9.995729537686577,14650.9305599714,17.4848703055821,21238.3782653330,18.8066074126098,9,11,1.0,17.0000000000000,20.0000000000000,1.0,10000,19000,1.0,16.5000000000000,19.0000000000000,1.0,10000,25000,1.0,10.006491790241041,14578.1993324504,17.4440450296905,21059.2719876920,18.7444385363901,10000,19000,1.0,10000,25000,1.0,17.0000000000000,20.0000000000000,1.0,16.5000000000000,19.0000000000000,1.0,9,11,1.0
62,111,1,20,-121,11,22,11,21,-111,11,11,122,1.0,10.229415158600299,13847.9850646146,17.4264785920579,20551.7893113390,18.6978367054602,9,11,1.0,17.0000000000000,20.0000000000000,1.0,10000,19000,1.0,16.5000000000000,19.0000000000000,1.0,10000,25000,1.0,10.17103529381941,11800.0105751316,16.8931312979152,18653.8536909453,18.1929438718777,10000,19000,1.0,10000,25000,1.0,17.0000000000000,20.0000000000000,1.0,16.5000000000000,19.0000000000000,1.0,9,11,1.0
63,111,1,20,-121,11,22,11,21,-111,11,11,121,0.0,9.986078287438742,21313.9417732969,18.7836698341415,27840.8289315185,20.0908516730908,9,11,1.0,17.0000000000000,20.0000000000000,0.0,10000,19000,0.0,16.5000000000000,19.0000000000000,1.0,10000,25000,0.0,10.00449791632407,15491.2005822827,17.5722672670330,21993.4328435846,18.8745113105656,10000,19000,1.0,10000,25000,1.0,17.0000000000000,20.0000000000000,1.0,16.5000000000000,19.0000000000000,1.0,9,11,1.0
64,111,1,20,-121,11,22,11,21,-111,11,11,122,1.0,10.194843998722082,16058.9040703258,17.7490757022156,23140.6756426165,19.0844716112387,9,11,1.0,17.0000000000000,20.0000000000000,1.0,10000,19000,1.0,16.5000000000000,19.0000000000000,1.0,10000,25000,1.0,10.18831557939673,14541.5768046631,17.4239612109848,21486.4337762044,18.7335393997016,10000,19000,1.0,10000,25000,1.0,17.0000000000000,20.0000000000000,1.0,16.5000000000000,19.0000000000000,1.0,9,11,1.0
65,111,1,20,-121,11,22,11,21,-111,11,11,122,1.0,10.204630627982395,15935.6769188637,17.7694865302158,22973.1701488566,19.0974288610781,9,11,1.0,17.0000000000000,20.0000000000000,1.0,10000,19000,1.0,16.5000000000000,19.0000000000000,1.0,10000,25000,1.0,10.204197352350569,11517.4518836175,16.8525835705948,18214.4952667746,18.1162845944500,10000,19000,1.0,10000,25000,1.0,17.0000000000000,20.0000000000000,1.0,16.5000000000000,19.0000000000000,1.0,9,11,1.0
66,111,1,20,-121,11,22,11,21,-111,11,11,121,1.0,10.020002971052147,13711.5591539027,17.2987247317640,20188.3222653053,18.5981000153953,9,11,1.0,17.0000000000000,20.0000000000000,1.0,10000,19000,1.0,16.5000000000000,19.0000000000000,1.0,10000,25000,1.0,10.006881421129235,15132.5908461008,17.5340345810854,21578.8162852836,18.8272833635896,10000,19000,1.0,10000,25000,1.0,17.0000000000000,20.0000000000000,1.0,16.5000000000000,19.0000000000000,1.0,9,11,1.0
67,111,1,20,-121,11,22,11,21,-111,11,11,122,1.0,10.207552088965574,17489.4597570388,18.0414764662193,24458.5996247826,19.3591655077825,9,11,1.0,17.0000000000000,20.0000000000000,1.0,10000,19000,1.0,16.5000000000000,19.0000000000000,1.0,10000,25000,1.0,10.202483244017747,14798.6738720214,17.4926241832723,21755.5726695938,18.8079987463879,10000,19000,1.0,10000,25000,1.0,17.0000000000000,20.0000000000000,1.0,16.5000000000000,19.0000000000000,1.0,9,11,1.0
68,111,1,20,-121,11,22,11,21,-111,11,11,121,1.0,10.003572066184184,17924.3282912289,18.1343751275657,24425.3605056112,19.4291149610387,9,11,1.0,17.0000000000000,20.0000000000000,1.0,10000,19000,1.0,16.5000000000000,19.0000000000000,1.0,10000,25000,1.0,10.02655730376866,14391.4399313883,17.3541882793134,20912.1357160167,18.6528442920678,10000,19000,1.0,10000,25000,1.0,17.0000000000000,20.0000000000000,1.0,16.5000000000000,19.0000000000000,1.0,9,11,1.0
69,111,1,20,-121,11,22,11,21,-111,11,11,122,1.0,10.197780258771266,13732.6552149146,17.3254782208237,20758.1449028137,18.6501276031919,9,11,1.0,17.0000000000000,20.0000000000000,1.0,10000,19000,1.0,16.5000000000000,19.0000000000000,1.0,10000,25000,1.0,10.200045287330484,13031.1275248605,17.1209491099844,19981.5639603777,18.4314472731737,10000,19000,1.0,10000,25000,1.0,17.0000000000000,20.0000000000000,1.0,16.5000000000000,19.0000000000000,1.0,9,11,1.0
70,111,1,20,-121,11,22,11,21,-111,11,11,121,1.0,9.994017783741468,15071.5835081150,17.5452749017382,21590.9620532307,18.8472890560791,9,11,1.0,17.0000000000000,20.0000000000000,1.0,10000,19000,1.0,16.5000000000000,19.0000000000000,1.0,10000,25000,1.0,9.989512709227588,13113.7570443711,17.0936560706275,19627.8358800633,18.3946117963720,10000,19000,1.0,10000,25000,1.0,17.0000000000000,20.0000000000000,1.0,16.5000000000000,19.0000000000000,1.0,9,11,1.0
71,111,1,20,-121,11,22,11,21,-111,11,11,122,1.0,10.187688610659707,15633.5056093488,17.6843409314265,22717.8695265945,19.0188557547865,9,11,1.0,17.0000000000000,20.0000000000000,1.0,10000,19000,1.0,16.5000000000000,19.0000000000000,1.0,10000,25000,1.0,10.216931802511613,15395.0787381603,17.5667155125518,22506.5360054709,18.9063340372035,10000,19000,1.0,10000,25000,1.0,17.0000000000000,20.0000000000000,1.0,16.5000000000000,19.0000000000000,1.0,9,11,1.0
72,111,1,20,-121,11,22,11,21,-111,11,11,121,1.0,9.974861871084313,13649.9839478923,17.2152220616039,20216.2303942131,18.5235367274828,9,11,1.0,17.0000000000000,20.0000000000000,1.0,10000,19000,1.0,16.5000000000000,19.0000000000000,1.0,10000,25000,1.0,9.986209595308962,17532.9223806329,17.9714179930897,24018.7396853471,19.2637072742396,10000,19000,1.0,10000,25000,1.0,17.0000000000000,20.0000000000000,1.0,16.5000000000000,19.0000000000000,1.0,9,11,1.0
73,111,1,20,-121,11,22,11,21,-111,11,11,122,1.0,10.221953530030811,15738.4936152858,17.7162454987136,22844.9308680808,19.0526895030467,9,11,1.0,17.0000000000000,20.0000000000000,1.0,10000,19000,1.0,16.5000000000000,19.0000000000000,1.0,10000,25000,1.0,10.195133278266459,15898.5035390678,17.6676761536194,22779.9714622976,18.9618121911105,10000,19000,1.0,10000,25000,1.0,17.0000000000000,20.0000000000000,1.0,16.5000000000000,19.0000000000000,1.0,9,11,1.0
74,111,1,20,-121,11,22,11,21,-111,11,11,121,1.0,10.006674426314136,17599.9789553914,18.1028122026951,24076.6114114773,19.3989541085364,9,11,1.0,17.0000000000000,20.0000000000000,1.0,10000,19000,1.0,16.5000000000000,19.0000000000000,1.0,10000,25000,1.0,10.015379546529505,13717.1153163378,17.2756329088297,20259.0345597413,18.5848403918076,10000,19000,1.0,10000,25000,1.0,17.0000000000000,20.0000000000000,1.0,16.5000000000000,19.0000000000000,1.0,9,11,1.0
75,111,1,20,-121,11,22,11,21,-111,11,11,122,1.0,10.208924142738594,16009.3745603397,17.7490288441402,23068.9508490355,19.0765626869621,9,11,1.0,17.0000000000000,20.0000000000000,1.0,10000,19000,1.0,16.5000000000000,19.0000000000000,1.0,10000,25000,1.0,10.18403878959148,13968.0002936897,17.2794111384836,21126.9836211718,18.6256382006726,10000,19000,1.0,10000,25000,1.0,17.0000000000000,20.0000000000000,1.0,16.5000000000000,19.0000000000000,1.0,9,11,1.0
76,111,1,20,-121,11,22,11,21,-111,11,11,121,1.0,10.001059132944782,15520.6134255790,17.6167437347840,22002.0687144878,18.9087255529628,9,11,1.0,17.0000000000000,20.0000000000000,1.0,10000,19000,1.0,16.5000000000000,19.0000000000000,1.0,10000,25000,1.0,10.00034466596467,11429.8310318636,16.7795744145404,17885.5080835280,18.0664177241066,10000,19000,1.0,10000,25000,1.0,17.0000000000000,20.0000000000000,1.0,16.5000000000000,19.0000000000000,1.0,9,11,1.0
77,111,1,20,-121,11,22,11,21,-111,11,11,122,1.0,10.217768294856068,11886.1327331706,16.9423324021686,18853.7248943156,18.2597084477975,9,11,1.0,17.0000000000000,20.0000000000000,1.0,10000,19000,1.0,16.5000000000000,19.0000000000000,1.0,10000,25000,1.0,10.194589860276508,14240.2956930043,17.3674586461060,21241.8479000850,18.6912555829107,10000,19000,1.0,10000,25000,1.0,17.0000000000000,20.0000000000000,1.0,16.5000000000000,19.0000000000000,1.0,9,11,1.0
78,111,1,20,-121,11,22,11,21,-111,11,11,121,0.0,9.987678851453584,19251.5781923904,18.3473672717978,25675.6880768572,19.6207778354468,9,11,1.0,17.0000000000000,20.0000000000000,1.0,10000,19000,0.0,16.5000000000000,19.0000000000000,1.0,10000,25000,0.0,10.013764476680977,15477.2989332889,17.5639385283682,22005.0927168047,18.8579016938101,10000,19000,1.0,10000,25000,1.0,17.0000000000000,20.0000000000000,1.0,16.5000000000000,19.0000000000000,1.0,9,11,1.0
79,111,1,20,-121,11,22,11,21,-111,11,11,122,1.0,10.201019172402349,16032.5838091075,17.7468810317674,23121.5695570897,19.0806905042466,9,11,1.0,17.0000000000000,20.0000000000000,1.0,10000,19000,1.0,16.5000000000000,19.0000000000000,1.0,10000,25000,1.0,10.204784183727632,15191.6945574100,17.5440741556593,22186.6311390414,18.8601880545520,10000,19000,1.0,10000,25000,1.0,17.0000000000000,20.0000000000000,1.0,16.5000000000000,19.0000000000000,1.0,9,11,1.0
80,111,1,20,-121,11,22,11,21,-111,11,11,121,1.0,10.004395473476725,16684.1907994257,17.8625794213177,23232.4550876964,19.1674644639637,9,11,1.0,17.0000000000000,20.0000000000000,1.0,10000,19000,1.0,16.5000000000000,19.0000000000000,1.0,10000,25000,1.0,10.003978545568927,14296.6746212738,17.3380789911841,20751.2616188072,18.6242967824581,10000,19000,1.0,10000,25000,1.0,17.0000000000000,20.0000000000000,1.0,16.5000000000000,19.0000000000000,1.0,9,11,1.0
81,111,1,20,-121,11,22,11,21,-111,11,11,122,1.0,10.198208616698263,14043.7692079919,17.3761677818217,21051.4010143360,18.6923637553495,9,11,1.0,17.0000000000000,20.0000000000000,1.0,10000,19000,1.0,16.5000000000000,19.0000000000000,1.0,10000,25000,1.0,10.189441309740483,11047.1436911215,16.7158133824135,18029.7821430567,18.0273150236266,10000,19000,1.0,10000,25000,1.0,17.0000000000000,20.0000000000000,1.0,16.5000000000000,19.0000000000000,1.0,9,11,1.0
82,111,1,20,-121,11,22,11,21,-111,11,11,121,1.0,10.00490427773426,15363.5818490805,17.6302737881208,21869.3510876555,18.9285454079166,9,11,1.0,17.0000000000000,20.0000000000000,1.0,10000,19000,1.0,16.5000000000000,19.0000000000000,1.0,10000,25000,1.0,9.989557690456673,12561.8755134769,17.0019823756861,19128.6998829635,18.3124379726258,10000,19000,1.0,10000,25000,1.0,17.0000000000000,20.0000000000000,1.0,16.5000000000000,19.0000000000000,1.0,9,11,1.0
83,111,1,20,-121,11,22,11,21,-111,11,11,122,1.0,10.196947445517257,14677.2097954943,17.4613474577281,21553.7086733668,18.7571765700479,9,11,1.0,17.0000000000000,20.0000000000000,1.0,10000,19000,1.0,16.5000000000000,19.0000000000000,1.0,10000,25000,1.0,10.19145683780059,14717.1059641631,17.4590202916366,21699.5008664005,18.7748047844034,10000,19000,1.0,10000,25000,1.0,17.0000000000000,20.0000000000000,1.0,16.5000000000000,19.0000000000000,1.0,9,11,1.0
84,111,1,20,-121,11,22,11,21,-111,11,11,121,1.0,9.997464217266185,15139.2335041464,17.5621258855304,21614.3802589318,18.8618030991755,9,11,1.0,17.0000000000000,20.0000000000000,1.0,10000,19000,1.0,16.5000000000000,19.0000000000000,1.0,10000,25000,1.0,9.99889516232687,11333.7271165799,16.7232017860859,17835.5600781931,18.0282353964655,10000,19000,1.0,10000,25000,1.0,17.0000000000000,20.0000000000000,1.0,16.5000000000000,19.0000000000000,1.0,9,11,1.0
85,111,1,20,-121,11,22,11,21,-111,11,11,122,1.0,10.241313446495498,13762.0651910906,17.3237517805663,20666.1084950800,18.6246038635860,9,11,1.0,17.0000000000000,20.0000000000000,1.0,10000,19000,1.0,16.5000000000000,19.0000000000000,1.0,10000,25000,1.0,10.182729142041358,13076.8292388400,17.1252465639540,19909.9277654637,18.4127313117251,10000,19000,1.0,10000,25000,1.0,17.0000000000000,20.0000000000000,1.0,16.5000000000000,19.0000000000000,1.0,9,11,1.0
86,111,1,20,-121,11,22,11,21,-111,11,11,121,1.0,9.98636499154944,16338.4312276251,17.8283274319644,22807.4946175047,19.1216149062108,9,11,1.0,17.0000000000000,20.0000000000000,1.0,10000,19000,1.0,16.5000000000000,19.0000000000000,1.0,10000,25000,1.0,10.007396055195466,12621.1093153078,17.0297902944668,19130.4763860245,18.3311352327464,10000,19000,1.0,10000,25000,1.0,17.0000000000000,20.0000000000000,1.0,16.5000000000000,19.0000000000000,1.0,9,11,1.0
87,111,1,20,-121,11,22,11,21,-111,11,11,122,0.0,10.209642638507002,18029.0286786210,18.1388485720398,25064.8215284471,19.4662882367131,9,11,1.0,17.0000000000000,20.0000000000000,1.0,10000,19000,1.0,16.5000000000000,19.0000000000000,1.0,10000,25000,0.0,10.184685012596118,14659.0325036823,17.4497770724791,21751.7791734545,18.7879621870633,10000,19000,1.0,10000,25000,1.0,17.0000000000000,20.0000000000000,1.0,16.5000000000000,19.0000000000000,1.0,9,11,1.0
88,111,1,20,-121,11,22,11,21,-111,11,11,122,1.0,10.225189835746967,14099.3025349730,17.3927715464410,21077.3571685127,18.7071028033275,9,11,1.0,17.0000000000000,20.0000000000000,1.0,10000,19000,1.0,16.5000000000000,19.0000000000000,1.0,10000,25000,1.0,10.221057997458297,13633.9418276806,17.2467004770784,20497.3664585838,18.5394409320359,10000,19000,1.0,10000,25000,1.0,17.0000000000000,20.0000000000000,1.0,16.5000000000000,19.0000000000000,1.0,9,11,1.0
89,111,1,20,-121,11,22,11,21,-111,11,11,121,1.0,9.993694745185223,13915.2170020406,17.3742604427319,20454.0891834226,18.6776750062141,9,11,1.0,17.0000000000000,20.0000000000000,1.0,10000,19000,1.0,16.5000000000000,19.0000000000000,1.0,10000,25000,1.0,10.004175153148674,14478.5791341325,17.3732322894548,20948.5748860100,18.6629174912356,10000,19000,1.0,10000,25000,1.0,17.0000000000000,20.0000000000000,1.0,16.5000000000000,19.0000000000000,1.0,9,11,1.0
90,111,1,20,-121,11,22,11,21,-111,11,11,122,0.0,10.211591518572408,18989.9810587088,18.2905812422003,25936.4894731505,19.5962875592150,9,11,1.0,17.0000000000000,20.0000000000000,1.0,10000,19000,1.0,16.5000000000000,19.0000000000000,1.0,10000,25000,0.0,10.220000826251031,16932.6286036399,17.9039510720322,23930.2767043339,19.2192699033354,10000,19000,1.0,10000,25000,1.0,17.0000000000000,20.0000000000000,1.0,16.5000000000000,19.0000000000000,1.0,9,11,1.0
91,111,1,20,-121,11,22,11,21,-111,11,11,121,1.0,10.018327565609324,13490.7902530385,17.2236756548605,19925.0509992040,18.5124677289249,9,11,1.0,17.0000000000000,20.0000000000000,1.0,10000,19000,1.0,16.5000000000000,19.0000000000000,1.0,10000,25000,1.0,9.991826542528692,15527.1050330597,17.5954401398812,22009.3930870370,18.8938521557056,10000,19000,1.0,10000,25000,1.0,17.0000000000000,20.0000000000000,1.0,16.5000000000000,19.0000000000000,1.0,9,11,1.0
92,111,1,20,-121,11,22,11,21,-111,11,11,122,1.0,10.196032562249457,14857.7521173696,17.5469793313629,21743.7678817104,18.8455999042642,9,11,1.0,17.0000000000000,20.0000000000000,1.0,10000,19000,1.0,16.5000000000000,19.0000000000000,1.0,10000,25000,1.0,10.22425003683903,15108.4332912297,17.5781401810779,22140.7399012617,18.9043494654117,10000,19000,1.0,10000,25000,1.0,17.0000000000000,20.0000000000000,1.0,16.5000000000000,19.0000000000000,1.0,9,11,1.0
93,111,1,20,-121,11,22,11,21,-111,11,11,121,1.0,9.99141583049035,15046.3707361186,17.5718730146192,21572.1194639533,18.8841539324866,9,11,1.0,17.0000000000000,20.0000000000000,1.0,10000,19000,1.0,16.5000000000000,19.0000000000000,1.0,10000,25000,1.0,10.011009144521129,14433.3191104977,17.4005854927756,20888.9910322775,18.6987744712799,10000,19000,1.0,10000,25000,1.0,17.0000000000000,20.0000000000000,1.0,16.5000000000000,19.0000000000000,1.0,9,11,1.0
94,111,1,20,-121,11,22,11,21,-111,11,11,122,0.0,10.20759110277847,19205.0788120439,18.3881211975064,26182.3358781872,19.7031261807630,9,11,1.0,17.0000000000000,20.0000000000000,1.0,10000,19000,0.0,16.5000000000000,19.0000000000000,1.0,10000,25000,0.0,10.178537956544181,13710.6294239454,17.2483084687117,20797.2049449639,18.5839167222162,10000,19000,1.0,10000,25000,1.0,17.0000000000000,20.0000000000000,1.0,16.5000000000000,19.0000000000000,1.0,9,11,1.0
95,111,1,20,-121,11,22,11,21,-111,11,11,121,1.0,10.018843562758248,15080.7077618701,17.5876370867406,21537.1711046828,18.8836673792966,9,11,1.0,17.0000000000000,20.0000000000000,1.0,10000,19000,1.0,16.5000000000000,19.0000000000000,1.0,10000,25000,1.0,10.008471657247826,14820.7310655002,17.4695170317877,21343.1015719487,18.7787771184327,10000,19000,1.0,10000,25000,1.0,17.0000000000000,20.0000000000000,1.0,16.5000000000000,19.0000000000000,1.0,9,11,1.0
96,111,1,20,-121,11,22,11,21,-111,11,11,122,1.0,10.213690397939386,17881.1432476928,18.1077692697977,24846.4455255339,19.4212058086417,9,11,1.0,17.0000000000000,20.0000000000000,1.0,10000,19000,1.0,16.5000000000000,19.0000000000000,1.0,10000,25000,1.0,10.18820057047415,13503.6791755461,17.2257521076779,20554.6727476097,18.5553473245524,10000,19000,1.0,10000,25000,1.0,17.0000000000000,20.0000000000000,1.0,16.5000000000000,19.0000000000000,1.0,9,11,1.0
97,111,1,20,-121,11,22,11,21,-111,11,11,121,0.0,9.990234870183784,17290.2615874226,17.9197170722968,23785.4336761334,19.2174683792515,9,11,1.0,17.0000000000000,20.0000000000000,1.0,10000,19000,1.0,16.5000000000000,19.0000000000000,1.0,10000,25000,1.0,10.008026885156637,18719.2031677042,18.2393532586411,25190.6573281795,19.5323656653873,10000,19000,1.0,10000,25000,0.0,17.0000000000000,20.0000000000000,1.0,16.5000000000000,19.0000000000000,1.0,9,11,1.0
98,111,1,20,-121,11,22,11,21,-111,11,11,122,1.0,10.187661447874413,16296.3790001109,17.7870365942618,23278.4916766424,19.1019916544378,9,11,1.0,17.0000000000000,20.0000000000000,1.0,10000,19000,1.0,16.5000000000000,19.0000000000000,1.0,10000,25000,1.0,10.179915094412456,15360.5943479412,17.5715119554586,22290.7637948311,18.8766844446817,10000,19000,1.0,10000,25000,1.0,17.0000000000000,20.0000000000000,1.0,16.5000000000000,19.0000000000000,1.0,9,11,1.0
99,111,1,20,-121,11,22,11,21,-111,11,11,121,1.0,10.010636487241642,13643.0249047204,17.2716386007243,20190.2934424878,18.5791332377181,9,11,1.0,17.0000000000000,20.0000000000000,1.0,10000,19000,1.0,16.5000000000000,19.0000000000000,1.0,10000,25000,1.0,9.982085354487793,13763.5891593300,17.1905970515488,20267.8891098318,18.4895108281296,10000,19000,1.0,10000,25000,1.0,17.0000000000000,20.0000000000000,1.0,16.5000000000000,19.0000000000000,1.0,9,11,1.0
100,111,1,20,-121,11,22,11,21,-111,11,11,122,0.0,10.181089772379199,19261.3095728534,18.3576749911782,26206.6860805619,19.6660403052669,9,11,1.0,17.0000000000000,20.0000000000000,1.0,10000,19000,0.0,16.5000000000000,19.0000000000000,1.0,10000,25000,0.0,10.214672691366605,14922.2821755954,17.5149655025149,21802.3596165278,18.8110298227097,10000,19000,1.0,10000,25000,1.0,17.0000000000000,20.0000000000000,1.0,16.5000000000000,19.0000000000000,1.0,9,11,1.0
101,111,1,20,-121,11,22,11,21,-111,11,11,121,1.0,10.002834120366508,17399.0804554146,18.0017672446491,23933.9144836122,19.3102066066966,9,11,1.0,17.0000000000000,20.0000000000000,1.0,10000,19000,1.0,16.5000000000000,19.0000000000000,1.0,10000,25000,1.0,9.980748093991924,11125.9480717106,16.7098008357270,17611.6519392788,18.0084030946815,10000,19000,1.0,10000,25000,1.0,17.0000000000000,20.0000000000000,1.0,16.5000000000000,19.0000000000000,1.0,9,11,1.0
102,111,1,20,-121,11,22,11,21,-111,11,11,122,1.0,10.218940565977114,16722.7458165420,17.8674959357447,23667.0031457816,19.1740536765859,9,11,1.0,17.0000000000000,20.0000000000000,1.0,10000,19000,1.0,16.5000000000000,19.0000000000000,1.0,10000,25000,1.0,10.191580594320705,16292.3600495937,17.7452842827509,23226.3971472091,19.0499190933047,10000,19000,1.0,10000,25000,1.0,17.0000000000000,20.0000000000000,1.0,16.5000000000000,19.0000000000000,1.0,9,11,1.0
103,111,1,20,-121,11,22,11,21,-111,11,11,121,1.0,10.008213920274192,14317.8525194337,17.4161503288892,20888.5527174383,18.7345315884779,9,11,1.0,17.0000000000000,20.0000000000000,1.0,10000,19000,1.0,16.5000000000000,19.0000000000000,1.0,10000,25000,1.0,10.012913529247442,15254.3700716600,17.5436235759613,21697.8660873355,18.8364818920173,10000,19000,1.0,10000,25000,1.0,17.0000000000000,20.0000000000000,1.0,16.5000000000000,19.0000000000000,1.0,9,11,1.0
104,111,1,20,-121,11,22,11,21,-111,11,11,122,1.0,10.198797553916,16852.9636952253,17.9107047577535,23887.8671346662,19.2398279717529,9,11,1.0,17.0000000000000,20.0000000000000,1.0,10000,19000,1.0,16.5000000000000,19.0000000000000,1.0,10000,25000,1.0,10.21931333097807,14769.5294139725,17.4976484953086,21920.1049093743,18.8486259417237,10000,19000,1.0,10000,25000,1.0,17.0000000000000,20.0000000000000,1.0,16.5000000000000,19.0000000000000,1.0,9,11,1.0
105,111,1,20,-121,11,22,11,21,-111,11,11,122,1.0,10.195885397963398,15310.4771231399,17.6176462524816,22362.8480784236,18.9442987640383,9,11,1.0,17.0000000000000,20.0000000000000,1.0,10000,19000,1.0,16.5000000000000,19.0000000000000,1.0,10000,25000,1.0,10.192502149304099,12554.4259832170,17.0539431774163,19404.1300043688,18.3424711208128,10000,19000,1.0,10000,25000,1.0,17.0000000000000,20.0000000000000,1.0,16.5000000000000,19.0000000000000,1.0,9,11,1.0
106,111,1,20,-121,11,22,11,21,-111,11,11,121,1.0,10.008521095330092,16201.6779421735,17.7753529062585,22680.8840597382,19.0699164366835,9,11,1.0,17.0000000000000,20.0000000000000,1.0,10000,19000,1.0,16.5000000000000,19.0000000000000,1.0,10000,25000,1.0,10.018293901166778,12800.9588477945,17.0647031723310,19308.1983089311,18.3648678433226,10000,19000,1.0,10000,25000,1.0,17.0000000000000,20.0000000000000,1.0,16.5000000000000,19.0000000000000,1.0,9,11,1.0
107,111,1,20,-121,11,22,11,21,-111,11,11,122,0.0,10.201670987075136,18158.8975899657,18.1639346762365,25255.7827604901,19.5034466181939,9,11,1.0,17.0000000000000,20.0000000000000,1.0,10000,19000,1.0,16.5000000000000,19.0000000000000,1.0,10000,25000,0.0,10.183592182197785,16008.8459179300,17.6482962583398,23007.7746500232,18.9693192694609,10000,19000,1.0,10000,25000,1.0,17.0000000000000,20.0000000000000,1.0,16.5000000000000,19.0000000000000,1.0,9,11,1.0
108,111,1,20,-121,11,22,11,21,-111,11,11,121,1.0,10.003908445066301,15159.2032813619,17.5221345806888,21641.9149935656,18.8215699124050,9,11,1.0,17.0000000000000,20.0000000000000,1.0,10000,19000,1.0,16.5000000000000,19.0000000000000,1.0,10000,25000,1.0,9.985539602173857,13037.0173384394,17.0498055249678,19595.7550470803,18.3644799835010,10000,19000,1.0,10000,25000,1.0,17.0000000000000,20.0000000000000,1.0,16.5000000000000,19.0000000000000,1.0,9,11,1.0
109,111,1,20,-121,11,22,11,21,-111,11,11,122,1.0,10.210977101939676,17257.3984677114,17.9552079199585,24354.5895059557,19.2922108713953,9,11,1.0,17.0000000000000,20.0000000000000,1.0,10000,19000,1.0,16.5000000000000,19.0000000000000,1.0,10000,25000,1.0,10.203944677557562,16145.8766416924,17.7266253833415,23116.7484341270,19.0398317082594,10000,19000,1.0,10000,25000,1.0,17.0000000000000,20.0000000000000,1.0,16.5000000000000,19.0000000000000,1.0,9,11,1.0
110,111,1,20,-121,11,22,11,21,-111,11,11,121,1.0,9.999319621460451,15345.4927030087,17.6261917364367,21819.1746305063,18.9188055481788,9,11,1.0,17.0000000000000,20.0000000000000,1.0,10000,19000,1.0,16.5000000000000,19.0000000000000,1.0,10000,25000,1.0,10.015394837824623,12820.2919350293,17.0623256078629,19375.3389908420,18.3711857674844,10000,19000,1.0,10000,25000,1.0,17.0000000000000,20.0000000000000,1.0,16.5000000000000,19.0000000000000,1.0,9,11,1.0
111,111,1,20,-121,11,22,11,21,-111,11,11,122,0.0,10.201503939266361,20361.9902640756,18.5376414017023,27248.9321599197,19.8327789625388,9,11,1.0,17.0000000000000,20.0000000000000,1.0,10000,19000,0.0,16.5000000000000,19.0000000000000,1.0,10000,25000,0.0,10.228645950003443,13296.7611532378,17.2290692494818,20481.3843307438,18.5801878560232,10000,19000,1.0,10000,25000,1.0,17.0000000000000,20.0000000000000,1.0,16.5000000000000,19.0000000000000,1.0,9,11,1.0
112,111,1,20,-121,11,22,11,21,-111,11,11,121,1.0,10.008795219251015,15754.6296174576,17.7477947811482,22251.3420013381,19.0544666387644,9,11,1.0,17.0000000000000,20.0000000000000,1.0,10000,19000,1.0,16.5000000000000,19.0000000000000,1.0,10000,25000,1.0,9.992983406389655,13181.9346307649,17.1049397856092,19702.9942371384,18.4165085554732,10000,19000,1.0,10000,25000,1.0,17.0000000000000,20.0000000000000,1.0,16.5000000000000,19.0000000000000,1.0,9,11,1.0
113,111,1,20,-121,11,22,11,21,-111,11,11,122,1.0,10.17034661549332,15673.9378641587,17.6113897589929,22775.1121663300,18.9483868840405,9,11,1.0,17.0000000000000,20.0000000000000,1.0,10000,19000,1.0,16.5000000000000,19.0000000000000,1.0,10000,25000,1.0,10.206314132518285,13194.3926195193,17.1657265286869,20146.4954557664,18.4746567294645,10000,19000,1.0,10000,25000,1.0,17.0000000000000,20.0000000000000,1.0,16.5000000000000,19.0000000000000,1.0,9,11,1.0
114,111,1,20,-121,11,22,11,21,-111,11,11,121,1.0,10.00355277544487,12954.9660354044,17.1026904757069,19546.1425158754,18.4202003334451,9,11,1.0,17.0000000000000,20.0000000000000,1.0,10000,19000,1.0,16.5000000000000,19.0000000000000,1.0,10000,25000,1.0,9.996157552110725,13266.8791634831,17.1598387786270,19779.4644119660,18.4616390398793,10000,19000,1.0,10000,25000,1.0,17.0000000000000,20.0000000000000,1.0,16.5000000000000,19.0000000000000,1.0,9,11,1.0
115,111,1,20,-121,11,22,11,21,-111,11,11,122,1.0,10.179401974564955,16401.8695748879,17.8278822681607,23309.8120096154,19.1330312805867,9,11,1.0,17.0000000000000,20.0000000000000,1.0,10000,19000,1.0,16.5000000000000,19.0000000000000,1.0,10000,25000,1.0,10.191895334406599,11395.9346879678,16.8283417619362,18417.2965920371,18.1549196310442,10000,19000,1.0,10000,25000,1.0,17.0000000000000,20.0000000000000,1.0,16.5000000000000,19.0000000000000,1.0,9,11,1.0
116,111,1,20,-121,11,22,11,21,-111,11,11,121,1.0,9.989422500297394,16507.7789926853,17.8733610259644,22859.5430095391,19.1450822056745,9,11,1.0,17.0000000000000,20.0000000000000,1.0,10000,19000,1.0,16.5000000000000,19.0000000000000,1.0,10000,25000,1.0,9.994443647526674,14566.8226755634,17.4029237792785,21035.9562652205,18.6981441587686,10000,19000,1.0,10000,25000,1.0,17.0000000000000,20.0000000000000,1.0,16.5000000000000,19.0000000000000,1.0,9,11,1.0
117,111,1,20,-121,11,22,11,21,-111,11,11,122,1.0,10.202121423417688,14460.3635829492,17.4075771603817,21175.7844772171,18.6767591577360,9,11,1.0,17.0000000000000,20.0000000000000,1.0,10000,19000,1.0,16.5000000000000,19.0000000000000,1.0,10000,25000,1.0,10.17552136124509,15435.6648821492,17.5317946201196,22657.1738728762,18.8966248145436,10000,19000,1.0,10000,25000,1.0,17.0000000000000,20.0000000000000,1.0,16.5000000000000,19.0000000000000,1.0,9,11,1.0
118,111,1,20,-121,11,22,11,21,-111,11,11,121,1.0,10.002862884650618,15435.9375804683,17.6318539284920,22054.2773243607,18.9543151401537,9,11,1.0,17.0000000000000,20.0000000000000,1.0,10000,19000,1.0,16.5000000000000,19.0000000000000,1.0,10000,25000,1.0,9.997577051617819,13541.8167710540,17.1856131070739,20023.2123463040,18.4807104543526,10000,19000,1.0,10000,25000,1.0,17.0000000000000,20.0000000000000,1.0,16.5000000000000,19.0000000000000,1.0,9,11,1.0
119,111,1,20,-121,11,22,11,21,-111,11,11,122,1.0,10.219557644560567,13276.9785701990,17.2540007652586,20202.9021611571,18.5626284920439,9,11,1.0,17.0000000000000,20.0000000000000,1.0,10000,19000,1.0,16.5000000000000,19.0000000000000,1.0,10000,25000,1.0,10.221461442217182,14980.7537810896,17.5584399873083,21894.0697644632,18.8646855531244,10000,19000,1.0,10000,25000,1.0,17.0000000000000,20.0000000000000,1.0,16.5000000000000,19.0000000000000,1.0,9,11,1.0
120,111,1,20,-121,11,22,11,21,-111,11,11,121,1.0,9.99165224912393,14931.5452097048,17.5185106862715,21405.9765827988,18.8161872045881,9,11,1.0,17.0000000000000,20.0000000000000,1.0,10000,19000,1.0,16.5000000000000,19.0000000000000,1.0,10000,25000,1.0,10.000052530403348,15597.1573922647,17.6114988614333,22125.4607711398,18.9199729977751,10000,19000,1.0,10000,25000,1.0,17.0000000000000,20.0000000000000,1.0,16.5000000000000,19.0000000000000,1.0,9,11,1.0
121,111,1,20,-121,11,22,11,21,-111,11,11,122,1.0,10.206091127008683,16647.4810106957,17.8832197813968,23417.7787807685,19.1578643839987,9,11,1.0,17.0000000000000,20.0000000000000,1.0,10000,19000,1.0,16.5000000000000,19.0000000000000,1.0,10000,25000,1.0,10.172446251845285,15831.1780335883,17.6380396959139,22775.9089149736,18.9455248369087,10000,19000,1.0,10000,25000,1.0,17.0000000000000,20.0000000000000,1.0,16.5000000000000,19.0000000000000,1.0,9,11,1.0
122,111,1,20,-121,11,22,11,21,-111,11,11,122,1.0,10.195612944734343,14754.1418668376,17.5125120757436,21738.5999090989,18.8278582695656,9,11,1.0,17.0000000000000,20.0000000000000,1.0,10000,19000,1.0,16.5000000000000,19.0000000000000,1.0,10000,25000,1.0,10.186198288494355,13379.0589926551,17.2037319304998,20394.5813827516,18.5249283093242,10000,19000,1.0,10000,25000,1.0,17.0000000000000,20.0000000000000,1.0,16.5000000000000,19.0000000000000,1.0,9,11,1.0
123,111,1,20,-121,11,22,11,21,-111,11,11,121,1.0,10.017211826939516,16389.8014937773,17.8067070093476,22913.0092441204,19.1152797781133,9,11,1.0,17.0000000000000,20.0000000000000,1.0,10000,19000,1.0,16.5000000000000,19.0000000000000,1.0,10000,25000,1.0,10.010697244511045,13088.1572904212,17.1128046880543,19525.5302265277,18.4041587655225,10000,19000,1.0,10000,25000,1.0,17.0000000000000,20.0000000000000,1.0,16.5000000000000,19.0000000000000,1.0,9,11,1.0
124,111,1,20,-121,11,22,11,21,-111,11,11,122,0.0,10.195676738908896,18590.3997402191,18.2162218576091,25602.7551556252,19.5403599462779,9,11,1.0,17.0000000000000,20.0000000000000,1.0,10000,19000,1.0,16.5000000000000,19.0000000000000,1.0,10000,25000,0.0,10.203648293181557,15675.0405472407,17.6390658294840,22737.1235614146,18.9725939452815,10000,19000,1.0,10000,25000,1.0,17.0000000000000,20.0000000000000,1.0,16.5000000000000,19.0000000000000,1.0,9,11,1.0
125,111,1,20,-121,11,22,11,21,-111,11,11,121,1.0,10.006628306284059,15603.1116533309,17.6150304452512,22093.4554818118,18.9122872349835,9,11,1.0,17.0000000000000,20.0000000000000,1.0,10000,19000,1.0,16.5000000000000,19.0000000000000,1.0,10000,25000,1.0,9.997345603243296,12483.8441227763,16.9734501726298,18985.0709954533,18.2728822096755,10000,19000,1.0,10000,25000,1.0,17.0000000000000,20.0000000000000,1.0,16.5000000000000,19.0000000000000,1.0,9,11,1.0
126,111,1,20,-121,11,22,11,21,-111,11,11,122,1.0,10.1826135711025,17561.4025480864,18.0000948496934,24409.1107775766,19.2925377297578,9,11,1.0,17.0000000000000,20.0000000000000,1.0,10000,19000,1.0,16.5000000000000,19.0000000000000,1.0,10000,25000,1.0,10.204478161927799,14982.2869519232,17.5159029821054,21839.6574541458,18.8101695285965,10000,19000,1.0,10000,25000,1.0,17.0000000000000,20.0000000000000,1.0,16.5000000000000,19.0000000000000,1.0,9,11,1.0
127,111,1,20,-121,11,22,11,21,-111,11,11,121,1.0,10.003600187200993,16194.0952176323,17.7789811021791,22715.4643808170,19.0858215741267,9,11,1.0,17.0000000000000,20.0000000000000,1.0,10000,19000,1.0,16.5000000000000,19.0000000000000,1.0,10000,25000,1.0,10.008273735058165,15410.8565744196,17.5673802938814,21905.8052012933,18.8689262601389,10000,19000,1.0,10000,25000,1.0,17.0000000000000,20.0000000000000,1.0,16.5000000000000,19.0000000000000,1.0,9,11,1.0
128,111,1,20,-121,11,22,11,21,-111,11,11,122,1.0,10.197600911548449,13484.7680291172,17.2313969419428,20598.6156488208,18.5736705439436,9,11,1.0,17.0000000000000,20.0000000000000,1.0,10000,19000,1.0,16.5000000000000,19.0000000000000,1.0,10000,25000,1.0,10.181936253398979,12771.2731049776,17.0676723141202,19938.5042283322,18.4200185619751,10000,19000,1.0,10000,25000,1.0,17.0000000000000,20.0000000000000,1.0,16.5000000000000,19.0000000000000,1.0,9,11,1.0
129,111,1,20,-121,11,22,11,21,-111,11,11,121,1.0,9.995437175307787,17471.3326929729,18.0305294079254,23965.8537640386,19.3303197337465,9,11,1.0,17.0000000000000,20.0000000000000,1.0,10000,19000,1.0,16.5000000000000,19.0000000000000,1.0,10000,25000,1.0,9.971179250643111,15490.3643998703,17.5620359372064,22025.4322788156,18.8699411568046,10000,19000,1.0,10000,25000,1.0,17.0000000000000,20.0000000000000,1.0,16.5000000000000,19.0000000000000,1.0,9,11,1.0
130,111,1,20,-121,11,22,11,21,-111,11,11,122,1.0,10.203305060269543,14641.0333757560,17.4706924356957,21586.5771689490,18.7809433961437,9,11,1.0,17.0000000000000,20.0000000000000,1.0,10000,19000,1.0,16.5000000000000,19.0000000000000,1.0,10000,25000,1.0,10.204002568166135,14877.8784172653,17.4657174771316,21824.8593255906,18.7762395439951,10000,19000,1.0,10000,25000,1.0,17.0000000000000,20.0000000000000,1.0,16.5000000000000,19.0000000000000,1.0,9,11,1.0
131,111,1,20,-121,11,22,11,21,-111,11,11,121,1.0,10.00061990892981,16298.7920265427,17.7240413998690,22853.0221937144,19.0345831973632,9,11,1.0,17.0000000000000,20.0000000000000,1.0,10000,19000,1.0,16.5000000000000,19.0000000000000,1.0,10000,25000,1.0,10.010194058172866,14374.7879942776,17.3620552134129,20801.8695151558,18.6471731836670,10000,19000,1.0,10000,25000,1.0,17.0000000000000,20.0000000000000,1.0,16.5000000000000,19.0000000000000,1.0,9,11,1.0
132,111,1,20,-121,11,22,11,21,-111,11,11,122,1.0,10.16809751998767,17889.8036652734,18.0825400494519,24863.8696895125,19.4046084018337,9,11,1.0,17.0000000000000,20.0000000000000,1.0,10000,19000,1.0,16.5000000000000,19.0000000000000,1.0,10000,25000,1.0,10.19488068749248,14142.7146401861,17.3746715444516,21088.6701475364,18.6914110076863,10000,19000,1.0,10000,25000,1.0,17.0000000000000,20.0000000000000,1.0,16.5000000000000,19.0000000000000,1.0,9,11,1.0
133,111,1,20,-121,11,22,11,21,-111,11,11,121,1.0,10.00784654381462,16162.5898162411,17.7794149199941,22672.2551749938,19.0818077975546,9,11,1.0,17.0000000000000,20.0000000000000,1.0,10000,19000,1.0,16.5000000000000,19.0000000000000,1.0,10000,25000,1.0,9.976399000853672,14684.2524256465,17.4198777928373,21096.7730873718,18.7028348692423,10000,19000,1.0,10000,25000,1.0,17.0000000000000,20.0000000000000,1.0,16.5000000000000,19.0000000000000,1.0,9,11,1.0
134,111,1,20,-121,11,22,11,21,-111,11,11,122,1.0,10.204504314161138,15332.9376307981,17.6616379705729,22254.9525053307,18.9717486887281,9,11,1.0,17.0000000000000,20.0000000000000,1.0,10000,19000,1.0,16.5000000000000,19.0000000000000,1.0,10000,25000,1.0,10.22437400813353,14701.6539117475,17.4908895769028,21735.1031540221,18.8220911713702,10000,19000,1.0,10000,25000,1.0,17.0000000000000,20.0000000000000,1.0,16.5000000000000,19.0000000000000,1.0,9,11,1.0
135,111,1,20,-121,11,22,11,21,-111,11,11,121,1.0,10.007884998025034,17342.0267609126,18.0262449355836,23862.3860851733,19.3264737377127,9,11,1.0,17.0000000000000,20.0000000000000,1.0,10000,19000,1.0,16.5000000000000,19.0000000000000,1.0,10000,25000,1.0,9.98148883238248,15234.1652293106,17.5008927656508,21725.2224007634,18.7952784077406,10000,19000,1.0,10000,25000,1.0,17.0000000000000,20.0000000000000,1.0,16.5000000000000,19.0000000000000,1.0,9,11,1.0
136,111,1,20,-121,11,22,11,21,-111,11,11,122,1.0,10.199422660449539,16354.8879367201,17.8258097308009,23485.5681011858,19.1747160527244,9,11,1.0,17.0000000000000,20.0000000000000,1.0,10000,19000,1.0,16.5000000000000,19.0000000000000,1.0,10000,25000,1.0,10.20847929263736,14185.9322572784,17.3708189924920,21123.0411975646,18.6831075665968,10000,19000,1.0,10000,25000,1.0,17.0000000000000,20.0000000000000,1.0,16.5000000000000,19.0000000000000,1.0,9,11,1.0
137,111,1,20,-121,11,22,11,21,-111,11,11,121,1.0,9.986530472733833,18465.4320902812,18.2019417182922,24995.7243282555,19.5146813362626,9,11,1.0,17.0000000000000,20.0000000000000,1.0,10000,19000,1.0,16.5000000000000,19.0000000000000,1.0,10000,25000,1.0,9.983804633365912,17345.9862789515,17.9372431130814,23701.1112264642,19.2147700585432,10000,19000,1.0,10000,25000,1.0,17.0000000000000,20.0000000000000,1.0,16.5000000000000,19.0000000000000,1.0,9,11,1.0
138,111,1,20,-121,11,22,11,21,-111,11,11,122,1.0,10.191659383392022,14319.2997813480,17.4237922104946,21371.9261187694,18.7494741022916,9,11,1.0,17.0000000000000,20.0000000000000,1.0,10000,19000,1.0,16.5000000000000,19.0000000000000,1.0,10000,25000,1.0,10.201699256830034,14959.2094970998,17.5050347333145,21836.4719421054,18.7977534812375,10000,19000,1.0,10000,25000,1.0,17.0000000000000,20.0000000000000,1.0,16.5000000000000,19.0000000000000,1.0,9,11,1.0
139,111,1,20,-121,11,22,11,21,-111,11,11,121,1.0,9.996525119130025,15335.1760752077,17.6072185927676,21863.6562940595,18.9162276537662,9,11,1.0,17.0000000000000,20.0000000000000,1.0,10000,19000,1.0,16.5000000000000,19.0000000000000,1.0,10000,25000,1.0,10.004323506400622,11241.9251780193,16.7267948651527,17734.5063191128,18.0286058928431,10000,19000,1.0,10000,25000,1.0,17.0000000000000,20.0000000000000,1.0,16.5000000000000,19.0000000000000,1.0,9,11,1.0
140,111,1,20,-121,11,22,11,21,-111,11,11,122,1.0,10.180479846020203,17280.1310905767,17.9342895690479,24402.3865538728,19.2806616660804,9,11,1.0,17.0000000000000,20.0000000000000,1.0,10000,19000,1.0,16.5000000000000,19.0000000000000,1.0,10000,25000,1.0,10.178979565324683,11839.0825367476,16.8863986609777,18780.4059196505,18.1985678421285,10000,19000,1.0,10000,25000,1.0,17.0000000000000,20.0000000000000,1.0,16.5000000000000,19.0000000000000,1.0,9,11,1.0
141,111,1,20,-121,11,22,11,21,-111,11,11,121,1.0,10.000117380555945,15914.0927605891,17.6342390782617,22428.1999497406,18.9268681794576,9,11,1.0,17.0000000000000,20.0000000000000,1.0,10000,19000,1.0,16.5000000000000,19.0000000000000,1.0,10000,25000,1.0,9.986907775307792,14896.4713560938,17.3835765346784,21336.1445392101,18.6614352982785,10000,19000,1.0,10000,25000,1.0,17.0000000000000,20.0000000000000,1.0,16.5000000000000,19.0000000000000,1.0,9,11,1.0
142,111,1,20,-121,11,22,11,21,-111,11,11,122,1.0,10.195802703977238,13156.4660455879,17.2506084516589,20336.4217918537,18.6012101784104,9,11,1.0,17.0000000000000,20.0000000000000,1.0,10000,19000,1.0,16.5000000000000,19.0000000000000,1.0,10000,25000,1.0,10.180433972283275,12244.9642562188,16.9728380313204,19222.7538762063,18.2854108441216,10000,19000,1.0,10000,25000,1.0,17.0000000000000,20.0000000000000,1.0,16.5000000000000,19.0000000000000,1.0,9,11,1.0
143,111,1,20,-121,11,22,11,21,-111,11,11,121,1.0,10.01325202982915,15165.4014435719,17.5534517129575,21662.8574411922,18.8479412059284,9,11,1.0,17.0000000000000,20.0000000000000,1.0,10000,19000,1.0,16.5000000000000,19.0000000000000,1.0,10000,25000,1.0,10.021700632956367,11175.0974144537,16.7410639980195,17627.1121799721,18.0265002249852,10000,19000,1.0,10000,25000,1.0,17.0000000000000,20.0000000000000,1.0,16.5000000000000,19.0000000000000,1.0,9,11,1.0
144,111,1,20,-121,11,22,11,21,-111,11,11,122,1.0,10.207287977887225,14228.3045742512,17.4304687142114,21255.8505855113,18.7586786177156,9,11,1.0,17.0000000000000,20.0000000000000,1.0,10000,19000,1.0,16.5000000000000,19.0000000000000,1.0,10000,25000,1.0,10.199254088091285,13295.7660331247,17.1670400355840,20310.8108108487,18.4928871993549,10000,19000,1.0,10000,25000,1.0,17.0000000000000,20.0000000000000,1.0,16.5000000000000,19.0000000000000,1.0,9,11,1.0
145,111,1,20,-121,11,22,11,21,-111,11,11,122,0.0,10.201298988706968,19258.3328956841,18.4128587524502,26220.5822900467,19.7231841067738,9,11,1.0,17.0000000000000,20.0000000000000,1.0,10000,19000,0.0,16.5000000000000,19.0000000000000,1.0,10000,25000,0.0,10.220114224467954,15108.4334845262,17.5535214210878,22009.0633897517,18.8522497218784,10000,19000,1.0,10000,25000,1.0,17.0000000000000,20.0000000000000,1.0,16.5000000000000,19.0000000000000,1.0,9,11,1.0
146,111,1,20,-121,11,22,11,21,-111,11,11,121,1.0,10.006789053165578,13780.3167356128,17.3486086134502,20136.1782716354,18.6213248633656,9,11,1.0,17.0000000000000,20.0000000000000,1.0,10000,19000,1.0,16.5000000000000,19.0000000000000,1.0,10000,25000,1.0,9.984907550032391,13009.4518516616,17.0413865917431,19530.3985236334,18.3471599707277,10000,19000,1.0,10000,25000,1.0,17.0000000000000,20.0000000000000,1.0,16.5000000000000,19.0000000000000,1.0,9,11,1.0
147,111,1,20,-121,11,22,11,21,-111,11,11,122,1.0,10.198515727066784,13510.9983657650,17.3230278401471,20428.6883985606,18.6318983453929,9,11,1.0,17.0000000000000,20.0000000000000,1.0,10000,19000,1.0,16.5000000000000,19.0000000000000,1.0,10000,25000,1.0,10.221408088129836,12596.5554175233,17.0859538174155,19622.6925664714,18.4153431997776,10000,19000,1.0,10000,25000,1.0,17.0000000000000,20.0000000000000,1.0,16.5000000000000,19.0000000000000,1.0,9,11,1.0
148,111,1,20,-121,11,22,11,21,-111,11,11,121,1.0,10.012835869730347,11142.4179088301,16.7747070229628,17664.2015713369,18.0811890872242,9,11,1.0,17.0000000000000,20.0000000000000,1.0,10000,19000,1.0,16.5000000000000,19.0000000000000,1.0,10000,25000,1.0,9.995512081870476,15555.0206317059,17.5633409261656,22114.7828864847,18.8774310854202,10000,19000,1.0,10000,25000,1.0,17.0000000000000,20.0000000000000,1.0,16.5000000000000,19.0000000000000,1.0,9,11,1.0
149,111,1,20,-121,11,22,11,21,-111,11,11,122,1.0,10.167822532558716,16645.6354425400,17.8093718311437,23640.3257982175,19.1266395507823,9,11,1.0,17.0000000000000,20.0000000000000,1.0,10000,19000,1.0,16.5000000000000,19.0000000000000,1.0,10000,25000,1.0,10.192892370127577,15231.6454579896,17.5371622928866,22389.7113681206,18.8851975423394,10000,19000,1.0,10000,25000,1.0,17.0000000000000,20.0000000000000,1.0,16.5000000000000,19.0000000000000,1.0,9,11,1.0
150,111,1,20,-121,11,22,11,21,-111,11,11,121,1.0,10.006837250442143,14586.1820283915,17.4688782379775,21093.6513953126,18.7668432392816,9,11,1.0,17.0000000000000,20.0000000000000,1.0,10000,19000,1.0,16.5000000000000,19.0000000000000,1.0,10000,25000,1.0,9.995137078275732,11803.1509893224,16.8249698730608,18271.3687499871,18.1151058384842,10000,19000,1.0,10000,25000,1.0,17.0000000000000,20.0000000000000,1.0,16.5000000000000,19.0000000000000,1.0,9,11,1.0
151,111,1,20,-121,11,22,11,21,-111,11,11,122,1.0,10.214438276373274,15638.1202574096,17.7343983849932,22650.1914163467,19.0573793489025,9,11,1.0,17.0000000000000,20.0000000000000,1.0,10000,19000,1.0,16.5000000000000,19.0000000000000,1.0,10000,25000,1.0,10.205621571251761,13052.5003149911,17.1842889516514,19993.7586561562,18.4939095249159,10000,19000,1.0,10000,25000,1.0,17.0000000000000,20.0000000000000,1.0,16.5000000000000,19.0000000000000,1.0,9,11,1.0
152,111,1,20,-121,11,22,11,21,-111,11,11,121,1.0,10.018977539134985,15382.3283869606,17.6478418228332,21846.5460138437,18.9391854348727,9,11,1.0,17.0000000000000,20.0000000000000,1.0,10000,19000,1.0,16.5000000000000,19.0000000000000,1.0,10000,25000,1.0,9.995324820506433,12460.9469944967,16.9588403551458,18923.7643164512,18.2499042311168,10000,19000,1.0,10000,25000,1.0,17.0000000000000,20.0000000000000,1.0,16.5000000000000,19.0000000000000,1.0,9,11,1.0
153,111,1,20,-121,11,22,11,21,-111,11,11,122,0.0,10.209995082803706,18354.2550701131,18.2339681149894,25326.1954253533,19.5535549811020,9,11,1.0,17.0000000000000,20.0000000000000,1.0,10000,19000,1.0,16.5000000000000,19.0000000000000,1.0,10000,25000,0.0,10.220240129540063,12645.9839513840,17.0496995629771,19565.3843397207,18.3593421314137,10000,19000,1.0,10000,25000,1.0,17.0000000000000,20.0000000000000,1.0,16.5000000000000,19.0000000000000,1.0,9,11,1.0
154,111,1,20,-121,11,22,11,21,-111,11,11,121,1.0,9.99672333615996,15317.4681504514,17.5745731522740,21799.5410889698,18.8785631312175,9,11,1.0,17.0000000000000,20.0000000000000,1.0,10000,19000,1.0,16.5000000000000,19.0000000000000,1.0,10000,25000,1.0,9.995687577053703,16382.4814417436,17.7969954462739,22770.1932360219,19.0820029195194,10000,19000,1.0,10000,25000,1.0,17.0000000000000,20.0000000000000,1.0,16.5000000000000,19.0000000000000,1.0,9,11,1.0
155,111,1,20,-121,11,22,11,21,-111,11,11,122,1.0,10.200969652159655,14573.3544170465,17.5033302760614,21481.2782356670,18.8079873213917,9,11,1.0,17.0000000000000,20.0000000000000,1.0,10000,19000,1.0,16.5000000000000,19.0000000000000,1.0,10000,25000,1.0,10.197942604611226,14532.1076051296,17.4301860660770,21416.9594003725,18.7304856403870,10000,19000,1.0,10000,25000,1.0,17.0000000000000,20.0000000000000,1.0,16.5000000000000,19.0000000000000,1.0,9,11,1.0
156,111,1,20,-121,11,22,11,21,-111,11,11,121,1.0,10.006810531616052,17502.9368480534,18.0271390774568,24038.1437454763,19.3354502429920,9,11,1.0,17.0000000000000,20.0000000000000,1.0,10000,19000,1.0,16.5000000000000,19.0000000000000,1.0,10000,25000,1.0,9.99438693657504,11433.6084043859,16.7322719263455,17881.7041539676,18.0231439366784,10000,19000,1.0,10000,25000,1.0,17.0000000000000,20.0000000000000,1.0,16.5000000000000,19.0000000000000,1.0,9,11,1.0
157,111,1,20,-121,11,22,11,21,-111,11,11,122,0.0,10.183675324006602,18215.1400965588,18.1135304864549,25125.5571001898,19.4213582712852,9,11,1.0,17.0000000000000,20.0000000000000,1.0,10000,19000,1.0,16.5000000000000,19.0000000000000,1.0,10000,25000,0.0,10.219748888086324,12860.5748795670,17.1207719417143,19893.6278071079,18.4518091317980,10000,19000,1.0,10000,25000,1.0,17.0000000000000,20.0000000000000,1.0,16.5000000000000,19.0000000000000,1.0,9,11,1.0
158,111,1,20,-121,11,22,11,21,-111,11,11,122,1.0,10.192366881006917,14066.4793228057,17.3885533897298,21052.8766698743,18.7079140386960,9,11,1.0,17.0000000000000,20.0000000000000,1.0,10000,19000,1.0,16.5000000000000,19.0000000000000,1.0,10000,25000,1.0,10.191258071004247,12781.6435686887,17.0710800758263,19774.7864864977,18.3917146060431,10000,19000,1.0,10000,25000,1.0,17.0000000000000,20.0000000000000,1.0,16.5000000000000,19.0000000000000,1.0,9,11,1.0
159,111,1,20,-121,11,22,11,21,-111,11,11,121,1.0,10.001643394725466,15473.5835891532,17.6635566578249,21979.4277316177,18.9693043627730,9,11,1.0,17.0000000000000,20.0000000000000,1.0,10000,19000,1.0,16.5000000000000,19.0000000000000,1.0,10000,25000,1.0,10.012033241994862,12830.1295679223,17.0885258067287,19353.9854433137,18.3978885350951,10000,19000,1.0,10000,25000,1.0,17.0000000000000,20.0000000000000,1.0,16.5000000000000,19.0000000000000,1.0,9,11,1.0
160,111,1,20,-121,11,22,11,21,-111,11,11,122,1.0,10.208130902123992,12258.9032972514,17.0791037692791,19159.7527273433,18.3822629594997,9,11,1.0,17.0000000000000,20.0000000000000,1.0,10000,19000,1.0,16.5000000000000,19.0000000000000,1.0,10000,25000,1.0,10.195382842500452,13262.0023477865,17.1869414484652,20320.1463132267,18.5198042021945,10000,19000,1.0,10000,25000,1.0,17.0000000000000,20.0000000000000,1.0,16.5000000000000,19.0000000000000,1.0,9,11,1.0
161,111,1,20,-121,11,22,11,21,-111,11,11,121,1.0,10.000987400740632,17187.5318971849,17.9629375055172,23768.6136757719,19.2764617293823,9,11,1.0,17.0000000000000,20.0000000000000,1.0,10000,19000,1.0,16.5000000000000,19.0000000000000,1.0,10000,25000,1.0,9.990274726632823,14864.7412277189,17.4220041673976,21385.1863545590,18.7234258656289,10000,19000,1.0,10000,25000,1.0,17.0000000000000,20.0000000000000,1.0,16.5000000000000,19.0000000000000,1.0,9,11,1.0
162,111,1,20,-121,11,22,11,21,-111,11,11,122,1.0,10.212884156806885,13652.0769598582,17.2786727711673,20806.4739794686,18.6294876483168,9,11,1.0,17.0000000000000,20.0000000000000,1.0,10000,19000,1.0,16.5000000000000,19.0000000000000,1.0,10000,25000,1.0,10.21214517956824,15000.5343585089,17.5253855570741,21838.6010857249,18.8164744134439,10000,19000,1.0,10000,25000,1.0,17.0000000000000,20.0000000000000,1.0,16.5000000000000,19.0000000000000,1.0,9,11,1.0
163,111,1,20,-121,11,22,11,21,-111,11,11,121,1.0,9.998867017635305,16692.2427531366,17.8967741412689,23186.4615382901,19.2010466297586,9,11,1.0,17.0000000000000,20.0000000000000,1.0,10000,19000,1.0,16.5000000000000,19.0000000000000,1.0,10000,25000,1.0,9.995713333001154,14388.1295123908,17.3655109081904,20836.2355844828,18.6605223069317,10000,19000,1.0,10000,25000,1.0,17.0000000000000,20.0000000000000,1.0,16.5000000000000,19.0000000000000,1.0,9,11,1.0
164,111,1,20,-121,11,22,11,21,-111,11,11,122,0.0,10.186853717059051,18592.7669832524,18.2387943433265,25465.5512367090,19.5369532530035,9,11,1.0,17.0000000000000,20.0000000000000,1.0,10000,19000,1.0,16.5000000000000,19.0000000000000,1.0,10000,25000,0.0,10.168099226351918,15050.8558246686,17.5127127868524,22050.4932842645,18.8348322362025,10000,19000,1.0,10000,25000,1.0,17.0000000000000,20.0000000000000,1.0,16.5000000000000,19.0000000000000,1.0,9,11,1.0
165,111,1,20,-121,11,22,11,21,-111,11,11,121,1.0,10.006003500442661,13436.4011690174,17.1758279113288,19904.8450892537,18.4619318075600,9,11,1.0,17.0000000000000,20.0000000000000,1.0,10000,19000,1.0,16.5000000000000,19.0000000000000,1.0,10000,25000,1.0,10.01293023222233,11787.9826813937,16.8508282011579,18349.9013476968,18.1555174382529,10000,19000,1.0,10000,25000,1.0,17.0000000000000,20.0000000000000,1.0,16.5000000000000,19.0000000000000,1.0,9,11,1.0
166,111,1,20,-121,11,22,11,21,-111,11,11,122,1.0,10.185110791947775,15350.7552053212,17.6080871721530,22382.9464195905,18.9417165046415,9,11,1.0,17.0000000000000,20.0000000000000,1.0,10000,19000,1.0,16.5000000000000,19.0000000000000,1.0,10000,25000,1.0,10.169397323567695,15916.5921991181,17.6713840858920,22709.2995925367,18.9595961880448,10000,19000,1.0,10000,25000,1.0,17.0000000000000,20.0000000000000,1.0,16.5000000000000,19.0000000000000,1.0,9,11,1.0
167,111,1,20,-121,11,22,11,21,-111,11,11,121,1.0,10.01114109319647,14758.2188749390,17.4744395696630,21289.4659812058,18.7769910899668,9,11,1.0,17.0000000000000,20.0000000000000,1.0,10000,19000,1.0,16.5000000000000,19.0000000000000,1.0,10000,25000,1.0,10.008384300022398,15684.0147942846,17.6087789926934,22284.5775240716,18.9251543921627,10000,19000,1.0,10000,25000,1.0,17.0000000000000,20.0000000000000,1.0,16.5000000000000,19.0000000000000,1.0,9,11,1.0
168,111,1,20,-121,11,22,11,21,-111,11,11,122,1.0,10.18867732986384,14338.8108658212,17.4815889839021,21258.2754713307,18.7837539158992,9,11,1.0,17.0000000000000,20.0000000000000,1.0,10000,19000,1.0,16.5000000000000,19.0000000000000,1.0,10000,25000,1.0,10.208280703684109,12540.9311083913,17.0122745304502,19377.4439630371,18.2988288816898,10000,19000,1.0,10000,25000,1.0,17.0000000000000,20.0000000000000,1.0,16.5000000000000,19.0000000000000,1.0,9,11,1.0
169,111,1,20,-121,11,22,11,21,-111,11,11,121,1.0,9.989674962174181,13943.8728014616,17.2966618759687,20381.0163794831,18.5828162414210,9,11,1.0,17.0000000000000,20.0000000000000,1.0,10000,19000,1.0,16.5000000000000,19.0000000000000,1.0,10000,25000,1.0,10.000077879698388,13409.8591078030,17.1955807942384,19924.3817991615,18.4971956637492,10000,19000,1.0,10000,25000,1.0,17.0000000000000,20.0000000000000,1.0,16.5000000000000,19.0000000000000,1.0,9,11,1.0
170,111,1,20,-121,11,22,11,21,-111,11,11,122,1.0,10.204036475688302,16758.2739628213,17.9219539828429,23859.4175031940,19.2647528490231,9,11,1.0,17.0000000000000,20.0000000000000,1.0,10000,19000,1.0,16.5000000000000,19.0000000000000,1.0,10000,25000,1.0,10.216213013872794,13748.2022528230,17.2679710939660,21030.4008160195,18.6450067669340,10000,19000,1.0,10000,25000,1.0,17.0000000000000,20.0000000000000,1.0,16.5000000000000,19.0000000000000,1.0,9,11,1.0
171,111,1,20,-121,11,22,11,21,-111,11,11,121,1.0,9.987911890890535,14595.0504849314,17.4277191581603,21147.7519739688,18.7320397011101,9,11,1.0,17.0000000000000,20.0000000000000,1.0,10000,19000,1.0,16.5000000000000,19.0000000000000,1.0,10000,25000,1.0,9.994566684905447,14412.5516799435,17.3297349861890,20874.9627815030,18.6160831543228,10000,19000,1.0,10000,25000,1.0,17.0000000000000,20.0000000000000,1.0,16.5000000000000,19.0000000000000,1.0,9,11,1.0
172,111,1,20,-121,11,22,11,21,-111,11,11,122,1.0,10.194901166555699,13794.9925039369,17.2977395657333,20677.9151812666,18.5910238726019,9,11,1.0,17.0000000000000,20.0000000000000,1.0,10000,19000,1.0,16.5000000000000,19.0000000000000,1.0,10000,25000,1.0,10.209296918441495,10432.2510286682,16.6203225934963,17462.1867104470,17.9412302836968,10000,19000,1.0,10000,25000,1.0,17.0000000000000,20.0000000000000,1.0,16.5000000000000,19.0000000000000,1.0,9,11,1.0
173,111,1,20,-121,11,22,11,21,-111,11,11,121,1.0,10.013029476755408,16382.2192884027,17.8091661588028,22919.6666961110,19.1160988566038,9,11,1.0,17.0000000000000,20.0000000000000,1.0,10000,19000,1.0,16.5000000000000,19.0000000000000,1.0,10000,25000,1.0,9.998177195944127,15910.1161367528,17.6331456695675,22355.9256319109,18.9217585895101,10000,19000,1.0,10000,25000,1.0,17.0000000000000,20.0000000000000,1.0,16.5000000000000,19.0000000000000,1.0,9,11,1.0
174,111,1,20,-121,11,22,11,21,-111,11,11,122,1.0,10.229625505544448,17542.8022178784,18.0717091984153,24583.0949527586,19.3996046677535,9,11,1.0,17.0000000000000,20.0000000000000,1.0,10000,19000,1.0,16.5000000000000,19.0000000000000,1.0,10000,25000,1.0,10.195397561481688,15990.6427124587,17.7333843772587,22958.0703103397,19.0475364854985,10000,19000,1.0,10000,25000,1.0,17.0000000000000,20.0000000000000,1.0,16.5000000000000,19.0000000000000,1.0,9,11,1.0
175,111,1,20,-121,11,22,11,21,-111,11,11,122,1.0,10.189354344675792,15603.0114193216,17.7108065574099,22658.9094101951,19.0446120365981,9,11,1.0,17.0000000000000,20.0000000000000,1.0,10000,19000,1.0,16.5000000000000,19.0000000000000,1.0,10000,25000,1.0,10.21151965524003,13660.9186782264,17.2854157832208,20523.7533936474,18.5827257157102,10000,19000,1.0,10000,25000,1.0,17.0000000000000,20.0000000000000,1.0,16.5000000000000,19.0000000000000,1.0,9,11,1.0
176,111,1,20,-121,11,22,11,21,-111,11,11,121,1.0,9.996907767349962,18064.0643220035,18.1429303017739,24579.0123816728,19.4470399257858,9,11,1.0,17.0000000000000,20.0000000000000,1.0,10000,19000,1.0,16.5000000000000,19.0000000000000,1.0,10000,25000,1.0,9.999633227428003,11372.3685495714,16.8111763184940,17851.3179875343,18.1080800294904,10000,19000,1.0,10000,25000,1.0,17.0000000000000,20.0000000000000,1.0,16.5000000000000,19.0000000000000,1.0,9,11,1.0
177,111,1,20,-121,11,22,11,21,-111,11,11,122,0.0,10.209592495999795,18335.5244648819,18.2153331863378,25261.3480791673,19.5217854860706,9,11,1.0,17.0000000000000,20.0000000000000,1.0,10000,19000,1.0,16.5000000000000,19.0000000000000,1.0,10000,25000,0.0,10.204504140375516,13526.4003374279,17.2313612006071,20427.6218985361,18.5331726935938,10000,19000,1.0,10000,25000,1.0,17.0000000000000,20.0000000000000,1.0,16.5000000000000,19.0000000000000,1.0,9,11,1.0
178,111,1,20,-121,11,22,11,21,-111,11,11,121,1.0,9.99527596759209,18223.8747635676,18.1916506526163,24707.3446125802,19.4801391429316,9,11,1.0,17.0000000000000,20.0000000000000,1.0,10000,19000,1.0,16.5000000000000,19.0000000000000,1.0,10000,25000,1.0,9.98832822126943,18358.0478625492,18.0890415164394,24880.1467136282,19.3852069183027,10000,19000,1.0,10000,25000,1.0,17.0000000000000,20.0000000000000,1.0,16.5000000000000,19.0000000000000,1.0,9,11,1.0
179,111,1,20,-121,11,22,11,21,-111,11,11,122,0.0,10.175339271956352,18342.5991376386,18.1451228259438,25240.3815248003,19.4468601415771,9,11,1.0,17.0000000000000,20.0000000000000,1.0,10000,19000,1.0,16.5000000000000,19.0000000000000,1.0,10000,25000,0.0,10.178836835032534,14337.3824986247,17.3662010120614,21428.6912015264,18.7044602723743,10000,19000,1.0,10000,25000,1.0,17.0000000000000,20.0000000000000,1.0,16.5000000000000,19.0000000000000,1.0,9,11,1.0
180,111,1,20,-121,11,22,11,21,-111,11,11,121,1.0,10.031574456816477,15212.8497205569,17.6381858694485,21743.1877795346,18.9474735067599,9,11,1.0,17.0000000000000,20.0000000000000,1.0,10000,19000,1.0,16.5000000000000,19.0000000000000,1.0,10000,25000,1.0,10.001530014857797,12884.4151042831,17.0948589177999,19359.8857095714,18.3931460099393,10000,19000,1.0,10000,25000,1.0,17.0000000000000,20.0000000000000,1.0,16.5000000000000,19.0000000000000,1.0,9,11,1.0
181,111,1,20,-121,11,22,11,21,-111,11,11,122,1.0,10.204850905876741,16474.1570917504,17.8346006273203,23641.7042837138,19.1853264255375,9,11,1.0,17.0000000000000,20.0000000000000,1.0,10000,19000,1.0,16.5000000000000,19.0000000000000,1.0,10000,25000,1.0,10.20689389373027,12270.1778601392,16.9725490955557,19173.4454919280,18.2734713542483,10000,19000,1.0,10000,25000,1.0,17.0000000000000,20.0000000000000,1.0,16.5000000000000,19.0000000000000,1.0,9,11,1.0
182,111,1,20,-121,11,22,11,21,-111,11,11,121,1.0,10.010982400154461,18244.2890073563,18.1748435688853,24794.9461099108,19.4817020541596,9,11,1.0,17.0000000000000,20.0000000000000,1.0,10000,19000,1.0,16.5000000000000,19.0000000000000,1.0,10000,25000,1.0,9.994567344241876,14898.7994139468,17.4683705319831,21406.5520402620,18.7666695585723,10000,19000,1.0,10000,25000,1.0,17.0000000000000,20.0000000000000,1.0,16.5000000000000,19.0000000000000,1.0,9,11,1.0
183,111,1,20,-121,11,22,11,21,-111,11,11,122,1.0,10.191294573309188,14315.4768092609,17.4274169730110,21287.5236184843,18.7419371855250,9,11,1.0,17.0000000000000,20.0000000000000,1.0,10000,19000,1.0,16.5000000000000,19.0000000000000,1.0,10000,25000,1.0,10.224795631740106,14621.9439098514,17.4492030183586,21650.1691223984,18.7743151916981,10000,19000,1.0,10000,25000,1.0,17.0000000000000,20.0000000000000,1.0,16.5000000000000,19.0000000000000,1.0,9,11,1.0
184,111,1,20,-121,11,22,11,21,-111,11,11,121,0.0,9.997432860544926,18885.3314489428,18.3136623290329,25405.8271865762,19.6149026731310,9,11,1.0,17.0000000000000,20.0000000000000,1.0,10000,19000,1.0,16.5000000000000,19.0000000000000,1.0,10000,25000,0.0,10.004987035004705,13988.7981211985,17.2859087593577,20448.6830110399,18.5750535077204,10000,19000,1.0,10000,25000,1.0,17.0000000000000,20.0000000000000,1.0,16.5000000000000,19.0000000000000,1.0,9,11,1.0
185,111,1,20,-121,11,22,11,21,-111,11,11,122,1.0,10.176695323192206,14137.0546297512,17.3926895333564,21092.5655196176,18.7013549533157,9,11,1.0,17.0000000000000,20.0000000000000,1.0,10000,19000,1.0,16.5000000000000,19.0000000000000,1.0,10000,25000,1.0,10.208231755278595,17463.5157459783,17.9910331973787,24634.1807827353,19.3401794384387,10000,19000,1.0,10000,25000,1.0,17.0000000000000,20.0000000000000,1.0,16.5000000000000,19.0000000000000,1.0,9,11,1.0
186,111,1,20,-121,11,22,11,21,-111,11,11,121,1.0,10.012572082095689,18243.8907173284,18.1665536452185,24745.9894483149,19.4644733692970,9,11,1.0,17.0000000000000,20.0000000000000,1.0,10000,19000,1.0,16.5000000000000,19.0000000000000,1.0,10000,25000,1.0,9.993028153031055,12560.7213835370,17.0038366582914,19139.9759986354,18.3171578931683,10000,19000,1.0,10000,25000,1.0,17.0000000000000,20.0000000000000,1.0,16.5000000000000,19.0000000000000,1.0,9,11,1.0
