,batch_size_planned,percentage_batch_until_standstill,batch_size_run,batch_size_remain,subbatch_ID,time_initial_standstill,time_typeChange_standstill,time_unforeseen_standstill,time_standstill_sum,N_unforeseen_standstills,batch_ID_num,batch_size,cycle_time_mean,cycle_time_std,line_ID_num,partType_ID_num,time_initial,time_typeChange_standstill_mean,time_typeChange_standstill_std,time_unforeseen_standstills_mean,time_unforeseen_standstills_std,interventions,index_orig,partTypeChange,batch_ID_counter,batch_ID_unique,batch_ID_unique_noCounter,T1_MV_Supplier,T2_MV_Supplier,T3_MV_Supplier,T4_MV_Supplier,T5_MV_Supplier,T6_MV_Supplier,T7_MV_Supplier,T8_MV_Supplier,HU_Block_Supplier,subbatch_ID_unique
0,501.733499951812,1.00000000000000,501.733499951812,0,1,0,1243.445169438818,0.0,1243.44516943882,0,25,501.7334999518124,13.007542706932208,0.09782973774147641,1,111,0,1257.243692931398,129.8448245279462,885.661304599153,232.86405705763244,,24,1,0,1_0_111_25,1_111_25,MV_Supplier_B,MV_Supplier_A,MV_Supplier_B,MV_Supplier_B,MV_Supplier_B,MV_Supplier_B,MV_Supplier_A,MV_Supplier_B,HU_Block_Supplier_A,1_0_111_25_1
1,476.258534855496,0.9750671050504198,464.384030837103,11.8745040183931,1,1243.44516943882,0.0,1102.9177976781373,2346.36296711696,2.175360742776955,3,476.2585348554959,12.940884590324481,0.08937894781808507,1,111,0,1191.46009935863,107.31064881976134,914.6104281618653,250.37828560438743,,2,0,1,1_1_111_3,1_111_3,MV_Supplier_B,MV_Supplier_A,MV_Supplier_B,MV_Supplier_A,MV_Supplier_A,MV_Supplier_B,MV_Supplier_A,MV_Supplier_B,HU_Block_Supplier_A,1_1_111_3_1
2,11.8745040183931,0.9949485144532041,11.8145201329688,0.0599838854242822,2,2346.36296711696,0.0,897.0740653419458,3243.43703245891,2.175360742776955,3,476.2585348554959,12.940884590324481,0.08937894781808507,1,111,0,1191.46009935863,107.31064881976134,914.6104281618653,250.37828560438743,,2,0,1,1_1_111_3,1_111_3,MV_Supplier_B,MV_Supplier_A,MV_Supplier_B,MV_Supplier_A,MV_Supplier_A,MV_Supplier_B,MV_Supplier_A,MV_Supplier_B,HU_Block_Supplier_A,1_1_111_3_2
3,1,1.00000000000000,1,0,3,3243.43703245891,0.0,0.0,3243.43703245891,2.175360742776955,3,476.2585348554959,12.940884590324481,0.08937894781808507,1,111,0,1191.46009935863,107.31064881976134,914.6104281618653,250.37828560438743,,2,0,1,1_1_111_3,1_111_3,MV_Supplier_B,MV_Supplier_A,MV_Supplier_B,MV_Supplier_A,MV_Supplier_A,MV_Supplier_B,MV_Supplier_A,MV_Supplier_B,HU_Block_Supplier_A,1_1_111_3_3
4,612.832491951543,0.8262018719989308,506.323352072135,106.509139879409,1,3243.43703245891,1119.4779362220145,765.2743791216438,5128.18934780257,2.0626310760966113,27,612.8324919515433,13.000810136090625,0.10763735084260265,1,211,0,1173.6159200492145,107.97029539463404,872.8788439961801,273.89600411518757,,56,1,2,1_2_211_27,1_211_27,MV_Supplier_B,MV_Supplier_A,MV_Supplier_B,MV_Supplier_A,MV_Supplier_B,MV_Supplier_B,MV_Supplier_A,MV_Supplier_A,HU_Block_Supplier_C,1_2_211_27_1
5,106.509139879409,0.054832973632178206,5.84021285859361,100.668927020815,2,5128.18934780257,0.0,1129.7335997506632,6257.92294755323,2.0626310760966113,27,612.8324919515433,13.000810136090625,0.10763735084260265,1,211,0,1173.6159200492145,107.97029539463404,872.8788439961801,273.89600411518757,,56,1,2,1_2_211_27,1_211_27,MV_Supplier_B,MV_Supplier_A,MV_Supplier_B,MV_Supplier_A,MV_Supplier_B,MV_Supplier_B,MV_Supplier_A,MV_Supplier_A,HU_Block_Supplier_C,1_2_211_27_2
6,100.668927020815,1.00000000000000,100.668927020815,0,3,6257.92294755323,0.0,0.0,6257.92294755323,2.0626310760966113,27,612.8324919515433,13.000810136090625,0.10763735084260265,1,211,0,1173.6159200492145,107.97029539463404,872.8788439961801,273.89600411518757,,56,1,2,1_2_211_27,1_211_27,MV_Supplier_B,MV_Supplier_A,MV_Supplier_B,MV_Supplier_A,MV_Supplier_B,MV_Supplier_B,MV_Supplier_A,MV_Supplier_A,HU_Block_Supplier_C,1_2_211_27_3
7,559.320604998688,1.00000000000000,559.320604998688,0,1,6257.92294755323,0.0,0.0,6257.92294755323,0.9005473720970016,21,559.3206049986878,12.964220962269156,0.11046761287397881,1,211,0,1301.3691749728173,132.75291563785262,998.6094986418456,233.45127164816634,,50,0,3,1_3_211_21,1_211_21,MV_Supplier_B,MV_Supplier_B,MV_Supplier_B,MV_Supplier_B,MV_Supplier_B,MV_Supplier_A,MV_Supplier_B,MV_Supplier_B,HU_Block_Supplier_C,1_3_211_21_1
8,566.563523655946,0.6448896376816884,365.370945494144,201.192578161802,1,6257.92294755323,0.0,934.5288254197616,7192.45177297299,1.8174502309204146,14,566.563523655946,13.055717756502645,0.10448126915177183,1,211,0,1205.5618692203939,81.25662906393495,839.773660219019,266.61267235089304,,43,0,4,1_4_211_14,1_211_14,MV_Supplier_B,MV_Supplier_B,MV_Supplier_B,MV_Supplier_B,MV_Supplier_B,MV_Supplier_B,MV_Supplier_A,MV_Supplier_A,HU_Block_Supplier_C,1_4_211_14_1
9,201.192578161802,1.00000000000000,201.192578161802,0,2,7192.45177297299,0.0,0.0,7192.45177297299,1.8174502309204146,14,566.563523655946,13.055717756502645,0.10448126915177183,1,211,0,1205.5618692203939,81.25662906393495,839.773660219019,266.61267235089304,,43,0,4,1_4_211_14,1_211_14,MV_Supplier_B,MV_Supplier_B,MV_Supplier_B,MV_Supplier_B,MV_Supplier_B,MV_Supplier_B,MV_Supplier_A,MV_Supplier_A,HU_Block_Supplier_C,1_4_211_14_2
10,604.736959843706,1.00000000000000,604.736959843706,0,1,7192.45177297299,0.0,0.0,7192.45177297299,0.7396099391387361,16,604.7369598437061,12.962102157176336,0.09806585104268271,1,211,0,1269.0444576763346,98.0701685016735,914.6184425221318,257.49035516119835,,45,0,5,1_5_211_16,1_211_16,MV_Supplier_B,MV_Supplier_B,MV_Supplier_B,MV_Supplier_B,MV_Supplier_B,MV_Supplier_A,MV_Supplier_B,MV_Supplier_B,HU_Block_Supplier_C,1_5_211_16_1
11,602.734203641345,0.7183759614981383,432.989763068666,169.744440572679,1,7192.45177297299,0.0,926.9991456505412,8119.45091862353,1.2779195679714006,3,602.7342036413452,12.956992130555108,0.08903263815424878,1,211,0,1161.9835615958875,102.02877495909306,888.4318011564889,233.0917341120955,,32,0,6,1_6_211_3,1_211_3,MV_Supplier_A,MV_Supplier_A,MV_Supplier_B,MV_Supplier_B,MV_Supplier_A,MV_Supplier_A,MV_Supplier_B,MV_Supplier_A,HU_Block_Supplier_B,1_6_211_3_1
12,169.744440572679,1.00000000000000,169.744440572679,0,2,8119.45091862353,0.0,0.0,8119.45091862353,1.2779195679714006,3,602.7342036413452,12.956992130555108,0.08903263815424878,1,211,0,1161.9835615958875,102.02877495909306,888.4318011564889,233.0917341120955,,32,0,6,1_6_211_3,1_211_3,MV_Supplier_A,MV_Supplier_A,MV_Supplier_B,MV_Supplier_B,MV_Supplier_A,MV_Supplier_A,MV_Supplier_B,MV_Supplier_A,HU_Block_Supplier_B,1_6_211_3_2
13,514.046597828332,0.15332408292312671,78.8157231917824,435.230874636550,1,8119.45091862353,1342.1364174550379,999.6858660909843,10461.2732021696,2.2851566240940864,14,514.0465978283321,13.034374908949294,0.0927183045365478,1,111,0,1221.6483341474968,124.20728845689547,919.014470249035,216.54561227221478,,13,1,7,1_7_111_14,1_111_14,MV_Supplier_A,MV_Supplier_B,MV_Supplier_B,MV_Supplier_B,MV_Supplier_A,MV_Supplier_B,MV_Supplier_B,MV_Supplier_B,HU_Block_Supplier_B,1_7_111_14_1
14,435.230874636550,0.8781019003471183,382.177058108093,53.0538165284570,2,10461.2732021696,0.0,889.1861959925103,11350.4593981621,2.2851566240940864,14,514.0465978283321,13.034374908949294,0.0927183045365478,1,111,0,1221.6483341474968,124.20728845689547,919.014470249035,216.54561227221478,,13,1,7,1_7_111_14,1_111_14,MV_Supplier_A,MV_Supplier_B,MV_Supplier_B,MV_Supplier_B,MV_Supplier_A,MV_Supplier_B,MV_Supplier_B,MV_Supplier_B,HU_Block_Supplier_B,1_7_111_14_2
15,53.0538165284570,1.00000000000000,53.0538165284570,0,3,11350.4593981621,0.0,0.0,11350.4593981621,2.2851566240940864,14,514.0465978283321,13.034374908949294,0.0927183045365478,1,111,0,1221.6483341474968,124.20728845689547,919.014470249035,216.54561227221478,,13,1,7,1_7_111_14,1_111_14,MV_Supplier_A,MV_Supplier_B,MV_Supplier_B,MV_Supplier_B,MV_Supplier_A,MV_Supplier_B,MV_Supplier_B,MV_Supplier_B,HU_Block_Supplier_B,1_7_111_14_3
16,578.482343277117,0.6618230201562684,382.852931534737,195.629411742380,1,11350.4593981621,1185.7206400309835,847.3848644655469,13383.5649026586,1.0276166144471746,28,578.4823432771169,12.980660451158004,0.10765492687819787,1,211,0,1255.3293946567715,122.62810530289939,830.4132876854584,241.41455549965363,,57,1,8,1_8_211_28,1_211_28,MV_Supplier_B,MV_Supplier_B,MV_Supplier_A,MV_Supplier_B,MV_Supplier_B,MV_Supplier_B,MV_Supplier_A,MV_Supplier_A,HU_Block_Supplier_C,1_8_211_28_1
17,195.629411742380,1.00000000000000,195.629411742380,0,2,13383.5649026586,0.0,0.0,13383.5649026586,1.0276166144471746,28,578.4823432771169,12.980660451158004,0.10765492687819787,1,211,0,1255.3293946567715,122.62810530289939,830.4132876854584,241.41455549965363,,57,1,8,1_8_211_28,1_211_28,MV_Supplier_B,MV_Supplier_B,MV_Supplier_A,MV_Supplier_B,MV_Supplier_B,MV_Supplier_B,MV_Supplier_A,MV_Supplier_A,HU_Block_Supplier_C,1_8_211_28_2
18,599.003707484886,0.1777362850774019,106.464693715954,492.539013768932,1,13383.5649026586,0.0,492.3011525979322,13875.8660552565,1.7378909839077652,10,599.003707484886,13.081977061243464,0.10092341391099824,1,211,0,1254.5087278533558,163.5075872545466,965.5831374310015,259.9598889619686,,39,0,9,1_9_211_10,1_211_10,MV_Supplier_A,MV_Supplier_B,MV_Supplier_B,MV_Supplier_B,MV_Supplier_A,MV_Supplier_A,MV_Supplier_A,MV_Supplier_B,HU_Block_Supplier_C,1_9_211_10_1
19,492.539013768932,1.00000000000000,492.539013768932,0,2,13875.8660552565,0.0,0.0,13875.8660552565,1.7378909839077652,10,599.003707484886,13.081977061243464,0.10092341391099824,1,211,0,1254.5087278533558,163.5075872545466,965.5831374310015,259.9598889619686,,39,0,9,1_9_211_10,1_211_10,MV_Supplier_A,MV_Supplier_B,MV_Supplier_B,MV_Supplier_B,MV_Supplier_A,MV_Supplier_A,MV_Supplier_A,MV_Supplier_B,HU_Block_Supplier_C,1_9_211_10_2
20,497.824284950861,1.00000000000000,497.824284950861,0,1,13875.8660552565,1041.4538845368454,0.0,14917.3199397933,0.8760877712630282,9,497.8242849508608,12.959772040305955,0.10753831259446249,1,111,0,1171.5123841084035,149.7925822126424,803.1668507709585,220.00372573290076,,8,1,10,1_10_111_9,1_111_9,MV_Supplier_B,MV_Supplier_A,MV_Supplier_B,MV_Supplier_B,MV_Supplier_A,MV_Supplier_B,MV_Supplier_B,MV_Supplier_A,HU_Block_Supplier_B,1_10_111_9_1
21,501.844531768167,0.43940172603686856,220.511353461097,281.333178307071,1,14917.3199397933,0.0,861.8371159365303,15779.1570557298,1.2386463178796363,6,501.8445317681673,12.974754402321262,0.11749314585985221,1,111,0,1274.1937920403734,93.53541285341778,887.2755652459865,267.4619166110055,,5,0,11,1_11_111_6,1_111_6,MV_Supplier_B,MV_Supplier_B,MV_Supplier_B,MV_Supplier_B,MV_Supplier_B,MV_Supplier_B,MV_Supplier_B,MV_Supplier_B,HU_Block_Supplier_A,1_11_111_6_1
22,281.333178307071,1.00000000000000,281.333178307071,0,2,15779.1570557298,0.0,0.0,15779.1570557298,1.2386463178796363,6,501.8445317681673,12.974754402321262,0.11749314585985221,1,111,0,1274.1937920403734,93.53541285341778,887.2755652459865,267.4619166110055,,5,0,11,1_11_111_6,1_111_6,MV_Supplier_B,MV_Supplier_B,MV_Supplier_B,MV_Supplier_B,MV_Supplier_B,MV_Supplier_B,MV_Supplier_B,MV_Supplier_B,HU_Block_Supplier_A,1_11_111_6_2
23,525.758505225785,1.00000000000000,525.758505225785,0,1,15779.1570557298,0.0,0.0,15779.1570557298,0.7065271897912896,1,525.758505225785,13.046011544981992,0.0936353635362902,1,111,0,1184.1702274417091,121.94334637340914,959.608305205083,270.0053883931892,,0,0,12,1_12_111_1,1_111_1,MV_Supplier_B,MV_Supplier_A,MV_Supplier_A,MV_Supplier_B,MV_Supplier_B,MV_Supplier_B,MV_Supplier_B,MV_Supplier_B,HU_Block_Supplier_A,1_12_111_1_1
24,590.136978257542,1.00000000000000,590.136978257542,0,1,15779.1570557298,1387.0930142622976,0.0,17166.2500699921,0.3319422331214694,12,590.1369782575418,13.042336295678918,0.08329529920904137,1,211,0,1174.5241888490575,145.3402521694481,876.3849179495901,245.4210652028796,,41,1,13,1_13_211_12,1_211_12,MV_Supplier_B,MV_Supplier_B,MV_Supplier_A,MV_Supplier_A,MV_Supplier_B,MV_Supplier_B,MV_Supplier_B,MV_Supplier_B,HU_Block_Supplier_C,1_13_211_12_1
25,529.925070200015,1.00000000000000,529.925070200015,0,1,17166.2500699921,1183.9841309469173,0.0,18350.2342009390,0.6694650004145545,16,529.9250702000147,13.095333796600046,0.12104388125173482,1,111,0,1185.9359092101502,139.9767001896827,913.0340133190647,239.89146622546718,,15,1,14,1_14_111_16,1_111_16,MV_Supplier_B,MV_Supplier_B,MV_Supplier_B,MV_Supplier_A,MV_Supplier_B,MV_Supplier_B,MV_Supplier_B,MV_Supplier_A,HU_Block_Supplier_B,1_14_111_16_1
26,489.615277392327,0.17955896677783256,87.9148133272081,401.700464065119,1,18350.2342009390,0.0,683.5016761186596,19033.7358770577,1.1363688863952741,5,489.615277392327,12.954532861655139,0.09476711086819985,1,111,0,1135.0970776313873,140.40750598867822,980.0612716880363,247.78431312367155,,4,0,15,1_15_111_5,1_111_5,MV_Supplier_B,MV_Supplier_B,MV_Supplier_B,MV_Supplier_B,MV_Supplier_A,MV_Supplier_B,MV_Supplier_A,MV_Supplier_B,HU_Block_Supplier_A,1_15_111_5_1
27,401.700464065119,1.00000000000000,401.700464065119,0,2,19033.7358770577,0.0,0.0,19033.7358770577,1.1363688863952741,5,489.615277392327,12.954532861655139,0.09476711086819985,1,111,0,1135.0970776313873,140.40750598867822,980.0612716880363,247.78431312367155,,4,0,15,1_15_111_5,1_111_5,MV_Supplier_B,MV_Supplier_B,MV_Supplier_B,MV_Supplier_B,MV_Supplier_A,MV_Supplier_B,MV_Supplier_A,MV_Supplier_B,HU_Block_Supplier_A,1_15_111_5_2
28,564.843856117588,0.4054065049557357,228.991373554352,335.852482563236,1,19033.7358770577,1104.498190602361,778.857300058848,20917.0913677189,1.7364930400016712,2,564.843856117588,13.039102109635314,0.08931384229319995,1,211,0,1190.4963506552776,116.38608735820493,883.3826698749381,257.5729471688283,,31,1,16,1_16_211_2,1_211_2,MV_Supplier_B,MV_Supplier_B,MV_Supplier_B,MV_Supplier_B,MV_Supplier_A,MV_Supplier_A,MV_Supplier_B,MV_Supplier_A,HU_Block_Supplier_C,1_16_211_2_1
29,335.852482563236,1.00000000000000,335.852482563236,0,2,20917.0913677189,0.0,0.0,20917.0913677189,1.7364930400016712,2,564.843856117588,13.039102109635314,0.08931384229319995,1,211,0,1190.4963506552776,116.38608735820493,883.3826698749381,257.5729471688283,,31,1,16,1_16_211_2,1_211_2,MV_Supplier_B,MV_Supplier_B,MV_Supplier_B,MV_Supplier_B,MV_Supplier_A,MV_Supplier_A,MV_Supplier_B,MV_Supplier_A,HU_Block_Supplier_C,1_16_211_2_2
30,526.377559786929,0.7202004770080165,379.097369644862,147.280190142067,1,20917.0913677189,1264.6676420610647,702.0606870400402,22883.8196968200,1.7082370757258756,11,526.3775597869289,12.908903683675813,0.09682806957423327,1,111,0,1235.555129205374,115.28594796177903,854.2463988708985,251.1730835510713,,10,1,17,1_17_111_11,1_111_11,MV_Supplier_B,MV_Supplier_B,MV_Supplier_B,MV_Supplier_B,MV_Supplier_B,MV_Supplier_B,MV_Supplier_A,MV_Supplier_B,HU_Block_Supplier_A,1_17_111_11_1
31,147.280190142067,1.00000000000000,147.280190142067,0,2,22883.8196968200,0.0,0.0,22883.8196968200,1.7082370757258756,11,526.3775597869289,12.908903683675813,0.09682806957423327,1,111,0,1235.555129205374,115.28594796177903,854.2463988708985,251.1730835510713,,10,1,17,1_17_111_11,1_111_11,MV_Supplier_B,MV_Supplier_B,MV_Supplier_B,MV_Supplier_B,MV_Supplier_B,MV_Supplier_B,MV_Supplier_A,MV_Supplier_B,HU_Block_Supplier_A,1_17_111_11_2
32,496.881663423851,0.8685498825274386,431.566510396824,65.3151530270269,1,22883.8196968200,0.0,604.1517847230346,23487.9714815430,1.4623686775747418,30,496.8816634238505,13.018923491057176,0.07918794115778846,1,111,0,1241.0864326330227,129.19839740593974,840.4365336496137,212.32412000609597,,29,0,18,1_18_111_30,1_111_30,MV_Supplier_A,MV_Supplier_A,MV_Supplier_B,MV_Supplier_B,MV_Supplier_B,MV_Supplier_A,MV_Supplier_B,MV_Supplier_A,HU_Block_Supplier_A,1_18_111_30_1
33,65.3151530270269,1.00000000000000,65.3151530270269,0,2,23487.9714815430,0.0,0.0,23487.9714815430,1.4623686775747418,30,496.8816634238505,13.018923491057176,0.07918794115778846,1,111,0,1241.0864326330227,129.19839740593974,840.4365336496137,212.32412000609597,,29,0,18,1_18_111_30,1_111_30,MV_Supplier_A,MV_Supplier_A,MV_Supplier_B,MV_Supplier_B,MV_Supplier_B,MV_Supplier_A,MV_Supplier_B,MV_Supplier_A,HU_Block_Supplier_A,1_18_111_30_2
34,574.552331824783,1.00000000000000,574.552331824783,0,1,23487.9714815430,1468.7097473994395,0.0,24956.6812289424,0.9183947158659831,13,574.5523318247832,13.003565348521638,0.08493062720542187,1,211,0,1236.6114399801932,143.03885798401353,900.4159090224975,260.9574612073336,,42,1,19,1_19_211_13,1_211_13,MV_Supplier_B,MV_Supplier_B,MV_Supplier_B,MV_Supplier_B,MV_Supplier_B,MV_Supplier_B,MV_Supplier_B,MV_Supplier_A,HU_Block_Supplier_C,1_19_211_13_1
35,612.915897548286,0.259231111180396,158.886869181572,454.029028366714,1,24956.6812289424,0.0,1159.1814011329118,26115.8626300753,2.7058955574888923,6,612.9158975482857,13.064957865968973,0.09275811501266601,1,211,0,1184.223606610938,129.69519549480435,923.0996443940751,256.05531220956425,,35,0,20,1_20_211_6,1_211_6,MV_Supplier_B,MV_Supplier_A,MV_Supplier_B,MV_Supplier_B,MV_Supplier_B,MV_Supplier_B,MV_Supplier_B,MV_Supplier_B,HU_Block_Supplier_C,1_20_211_6_1
36,454.029028366714,0.46897936165223697,212.930243895007,241.098784471707,2,26115.8626300753,0.0,891.3805514331618,27007.2431815085,2.7058955574888923,6,612.9158975482857,13.064957865968973,0.09275811501266601,1,211,0,1184.223606610938,129.69519549480435,923.0996443940751,256.05531220956425,,35,0,20,1_20_211_6,1_211_6,MV_Supplier_B,MV_Supplier_A,MV_Supplier_B,MV_Supplier_B,MV_Supplier_B,MV_Supplier_B,MV_Supplier_B,MV_Supplier_B,HU_Block_Supplier_C,1_20_211_6_2
37,241.098784471707,1.00000000000000,241.098784471707,0,3,27007.2431815085,0.0,0.0,27007.2431815085,2.7058955574888923,6,612.9158975482857,13.064957865968973,0.09275811501266601,1,211,0,1184.223606610938,129.69519549480435,923.0996443940751,256.05531220956425,,35,0,20,1_20_211_6,1_211_6,MV_Supplier_B,MV_Supplier_A,MV_Supplier_B,MV_Supplier_B,MV_Supplier_B,MV_Supplier_B,MV_Supplier_B,MV_Supplier_B,HU_Block_Supplier_C,1_20_211_6_3
38,593.414142904199,0.7042110638463885,417.888804876058,175.525338028140,1,27007.2431815085,0.0,929.466606202848,27936.7097877113,2.338482475642727,19,593.4141429041986,12.945370499002182,0.09174601975013154,1,211,0,1152.2195455099763,110.62965259955834,827.8210667619428,242.99354646339557,,48,0,21,1_21_211_19,1_211_19,MV_Supplier_B,MV_Supplier_B,MV_Supplier_B,MV_Supplier_A,MV_Supplier_B,MV_Supplier_B,MV_Supplier_B,MV_Supplier_A,HU_Block_Supplier_C,1_21_211_19_1
39,175.525338028140,0.1788420765806319,31.3913159454699,144.134022082670,2,27936.7097877113,0.0,819.7778526052065,28756.4876403165,2.338482475642727,19,593.4141429041986,12.945370499002182,0.09174601975013154,1,211,0,1152.2195455099763,110.62965259955834,827.8210667619428,242.99354646339557,,48,0,21,1_21_211_19,1_211_19,MV_Supplier_B,MV_Supplier_B,MV_Supplier_B,MV_Supplier_A,MV_Supplier_B,MV_Supplier_B,MV_Supplier_B,MV_Supplier_A,HU_Block_Supplier_C,1_21_211_19_2
40,144.134022082670,1.00000000000000,144.134022082670,0,3,28756.4876403165,0.0,0.0,28756.4876403165,2.338482475642727,19,593.4141429041986,12.945370499002182,0.09174601975013154,1,211,0,1152.2195455099763,110.62965259955834,827.8210667619428,242.99354646339557,,48,0,21,1_21_211_19,1_211_19,MV_Supplier_B,MV_Supplier_B,MV_Supplier_B,MV_Supplier_A,MV_Supplier_B,MV_Supplier_B,MV_Supplier_B,MV_Supplier_A,HU_Block_Supplier_C,1_21_211_19_3
41,608.162941819180,0.693567217663795,421.801879443757,186.361062375423,1,28756.4876403165,0.0,1074.8096125236582,29831.2972528402,1.85554163037916,5,608.1629418191803,13.050291074645138,0.10303587862873205,1,211,0,1185.4882815097997,135.46647498320564,917.9352867352386,255.2366377839912,,34,0,22,1_22_211_5,1_211_5,MV_Supplier_B,MV_Supplier_B,MV_Supplier_B,MV_Supplier_B,MV_Supplier_B,MV_Supplier_B,MV_Supplier_A,MV_Supplier_B,HU_Block_Supplier_C,1_22_211_5_1
42,186.361062375423,1.00000000000000,186.361062375423,0,2,29831.2972528402,0.0,0.0,29831.2972528402,1.85554163037916,5,608.1629418191803,13.050291074645138,0.10303587862873205,1,211,0,1185.4882815097997,135.46647498320564,917.9352867352386,255.2366377839912,,34,0,22,1_22_211_5,1_211_5,MV_Supplier_B,MV_Supplier_B,MV_Supplier_B,MV_Supplier_B,MV_Supplier_B,MV_Supplier_B,MV_Supplier_A,MV_Supplier_B,HU_Block_Supplier_C,1_22_211_5_2
43,586.262198491108,0.17490886778295178,102.542457362024,483.719741129084,1,29831.2972528402,0.0,873.9420212824816,30705.2392741227,1.2529812374337193,1,586.2621984911076,13.039027954310125,0.10172253580105238,1,211,0,1255.583534173988,122.63879022114352,995.585606999429,214.99024798314366,,30,0,23,1_23_211_1,1_211_1,MV_Supplier_B,MV_Supplier_B,MV_Supplier_B,MV_Supplier_B,MV_Supplier_B,MV_Supplier_A,MV_Supplier_B,MV_Supplier_B,HU_Block_Supplier_B,1_23_211_1_1
44,483.719741129084,1.00000000000000,483.719741129084,0,2,30705.2392741227,0.0,0.0,30705.2392741227,1.2529812374337193,1,586.2621984911076,13.039027954310125,0.10172253580105238,1,211,0,1255.583534173988,122.63879022114352,995.585606999429,214.99024798314366,,30,0,23,1_23_211_1,1_211_1,MV_Supplier_B,MV_Supplier_B,MV_Supplier_B,MV_Supplier_B,MV_Supplier_B,MV_Supplier_A,MV_Supplier_B,MV_Supplier_B,HU_Block_Supplier_B,1_23_211_1_2
45,593.866747416783,1.00000000000000,593.866747416783,0,1,30705.2392741227,0.0,0.0,30705.2392741227,0,29,593.8667474167829,13.01107037314919,0.09524042306437007,1,211,0,1284.7311114467361,130.51667315847467,926.6958255521314,221.1929787652566,,58,0,24,1_24_211_29,1_211_29,MV_Supplier_A,MV_Supplier_B,MV_Supplier_A,MV_Supplier_B,MV_Supplier_A,MV_Supplier_B,MV_Supplier_B,MV_Supplier_B,HU_Block_Supplier_C,1_24_211_29_1
46,584.459903977973,0.6218142719498977,363.425509675971,221.034394302003,1,30705.2392741227,0.0,796.5868688908317,31501.8261430135,2.4125083328619263,25,584.4599039779735,13.011580238153266,0.09411517663842686,1,211,0,1181.8591210628445,130.09897673429458,1021.1544342110196,268.66351929869853,,54,0,25,1_25_211_25,1_211_25,MV_Supplier_B,MV_Supplier_B,MV_Supplier_B,MV_Supplier_B,MV_Supplier_A,MV_Supplier_A,MV_Supplier_A,MV_Supplier_B,HU_Block_Supplier_B,1_25_211_25_1
47,221.034394302003,0.13680619193338472,30.2388737707593,190.795520531244,2,31501.8261430135,0.0,938.6926731634791,32440.5188161770,2.4125083328619263,25,584.4599039779735,13.011580238153266,0.09411517663842686,1,211,0,1181.8591210628445,130.09897673429458,1021.1544342110196,268.66351929869853,,54,0,25,1_25_211_25,1_211_25,MV_Supplier_B,MV_Supplier_B,MV_Supplier_B,MV_Supplier_B,MV_Supplier_A,MV_Supplier_A,MV_Supplier_A,MV_Supplier_B,HU_Block_Supplier_B,1_25_211_25_2
48,190.795520531244,1.00000000000000,190.795520531244,0,3,32440.5188161770,0.0,0.0,32440.5188161770,2.4125083328619263,25,584.4599039779735,13.011580238153266,0.09411517663842686,1,211,0,1181.8591210628445,130.09897673429458,1021.1544342110196,268.66351929869853,,54,0,25,1_25_211_25,1_211_25,MV_Supplier_B,MV_Supplier_B,MV_Supplier_B,MV_Supplier_B,MV_Supplier_A,MV_Supplier_A,MV_Supplier_A,MV_Supplier_B,HU_Block_Supplier_B,1_25_211_25_3
49,504.277584299778,1.00000000000000,504.277584299778,0,1,32440.5188161770,1380.8351149697685,0.0,33821.3539311468,0.829184483419861,24,504.27758429977774,12.973204616244592,0.08111826045195297,1,111,0,1271.084833452781,122.9527205829923,904.8442986156077,235.4161341869364,,23,1,26,1_26_111_24,1_111_24,MV_Supplier_B,MV_Supplier_A,MV_Supplier_B,MV_Supplier_B,MV_Supplier_B,MV_Supplier_B,MV_Supplier_B,MV_Supplier_B,HU_Block_Supplier_A,1_26_111_24_1
50,477.466529358368,0.1847969702461627,88.2343680193769,389.232161338991,1,33821.3539311468,0.0,621.3864233479803,34442.7403544948,1.986582772651062,10,477.4665293583681,12.958047644198482,0.09226107943758101,1,111,0,1229.1403415899933,120.34061257152365,865.1695851446939,245.08824185167043,,9,0,27,1_27_111_10,1_111_10,MV_Supplier_B,MV_Supplier_B,MV_Supplier_B,MV_Supplier_B,MV_Supplier_B,MV_Supplier_A,MV_Supplier_B,MV_Supplier_B,HU_Block_Supplier_A,1_27_111_10_1
51,389.232161338991,1.00000000000000,389.232161338991,0,2,34442.7403544948,0.0,0.0,34442.7403544948,1.986582772651062,10,477.4665293583681,12.958047644198482,0.09226107943758101,1,111,0,1229.1403415899933,120.34061257152365,865.1695851446939,245.08824185167043,,9,0,27,1_27_111_10,1_111_10,MV_Supplier_B,MV_Supplier_B,MV_Supplier_B,MV_Supplier_B,MV_Supplier_B,MV_Supplier_A,MV_Supplier_B,MV_Supplier_B,HU_Block_Supplier_A,1_27_111_10_2
52,610.765695793907,1.00000000000000,610.765695793907,0,1,34442.7403544948,1097.5838337169716,0.0,35540.3241882118,0.7545731025689539,26,610.7656957939071,13.028919181141317,0.09404329039800025,1,211,0,1157.5667593167905,125.2921507399749,861.4613923081615,245.39716806623107,,55,1,28,1_28_211_26,1_211_26,MV_Supplier_B,MV_Supplier_B,MV_Supplier_B,MV_Supplier_B,MV_Supplier_B,MV_Supplier_B,MV_Supplier_A,MV_Supplier_B,HU_Block_Supplier_C,1_28_211_26_1
53,501.534449517078,0.3515516626178423,176.315269587853,325.219179929225,1,35540.3241882118,1020.8074004508394,723.64392453024,37284.7755131929,1.596150439443496,26,501.5344495170775,13.045510134258775,0.09439567508477013,1,111,0,1254.5333595703603,156.8223649008028,904.3822558321534,261.9210458592392,,25,1,29,1_29_111_26,1_111_26,MV_Supplier_A,MV_Supplier_B,MV_Supplier_B,MV_Supplier_A,MV_Supplier_B,MV_Supplier_B,MV_Supplier_B,MV_Supplier_B,HU_Block_Supplier_A,1_29_111_26_1
54,325.219179929225,1.00000000000000,325.219179929225,0,2,37284.7755131929,0.0,0.0,37284.7755131929,1.596150439443496,26,501.5344495170775,13.045510134258775,0.09439567508477013,1,111,0,1254.5333595703603,156.8223649008028,904.3822558321534,261.9210458592392,,25,1,29,1_29_111_26,1_111_26,MV_Supplier_A,MV_Supplier_B,MV_Supplier_B,MV_Supplier_A,MV_Supplier_B,MV_Supplier_B,MV_Supplier_B,MV_Supplier_B,HU_Block_Supplier_A,1_29_111_26_2
55,456.844229854117,0.17376039925925912,79.3814357787401,377.462794075377,1,37284.7755131929,0.0,1006.2936923571345,38291.0692055500,2.7704648956490834,20,456.844229854117,12.964189249810273,0.10568992096293249,1,111,0,1218.8038760873087,131.36389426526313,836.82971092131,270.27407115387933,,19,0,30,1_30_111_20,1_111_20,MV_Supplier_B,MV_Supplier_B,MV_Supplier_B,MV_Supplier_B,MV_Supplier_B,MV_Supplier_B,MV_Supplier_B,MV_Supplier_B,HU_Block_Supplier_A,1_30_111_20_1
56,377.462794075377,0.7173800995163135,270.784296777500,106.678497297877,2,38291.0692055500,0.0,745.761491759524,39036.8306973095,2.7704648956490834,20,456.844229854117,12.964189249810273,0.10568992096293249,1,111,0,1218.8038760873087,131.36389426526313,836.82971092131,270.27407115387933,,19,0,30,1_30_111_20,1_111_20,MV_Supplier_B,MV_Supplier_B,MV_Supplier_B,MV_Supplier_B,MV_Supplier_B,MV_Supplier_B,MV_Supplier_B,MV_Supplier_B,HU_Block_Supplier_A,1_30_111_20_2
57,106.678497297877,1.00000000000000,106.678497297877,0,3,39036.8306973095,0.0,0.0,39036.8306973095,2.7704648956490834,20,456.844229854117,12.964189249810273,0.10568992096293249,1,111,0,1218.8038760873087,131.36389426526313,836.82971092131,270.27407115387933,,19,0,30,1_30_111_20,1_111_20,MV_Supplier_B,MV_Supplier_B,MV_Supplier_B,MV_Supplier_B,MV_Supplier_B,MV_Supplier_B,MV_Supplier_B,MV_Supplier_B,HU_Block_Supplier_A,1_30_111_20_3
58,622.172104729858,0.719893065919466,447.897384003545,174.274720726314,1,39036.8306973095,1201.837541559336,955.4322848023094,41194.1005236711,2.099721835357787,4,622.1721047298585,12.955322725119705,0.10383715020094755,1,211,0,1163.4637378298112,126.40252415493312,947.1759584359688,236.37021992837057,,33,1,31,1_31_211_4,1_211_4,MV_Supplier_B,MV_Supplier_B,MV_Supplier_B,MV_Supplier_B,MV_Supplier_A,MV_Supplier_B,MV_Supplier_B,MV_Supplier_B,HU_Block_Supplier_C,1_31_211_4_1
59,174.274720726314,0.47759473798086016,83.2326895819715,91.0420311443425,2,41194.1005236711,0.0,794.9552864859523,41989.0558101570,2.099721835357787,4,622.1721047298585,12.955322725119705,0.10383715020094755,1,211,0,1163.4637378298112,126.40252415493312,947.1759584359688,236.37021992837057,,33,1,31,1_31_211_4,1_211_4,MV_Supplier_B,MV_Supplier_B,MV_Supplier_B,MV_Supplier_B,MV_Supplier_A,MV_Supplier_B,MV_Supplier_B,MV_Supplier_B,HU_Block_Supplier_C,1_31_211_4_2
60,91.0420311443425,1.00000000000000,91.0420311443425,0,3,41989.0558101570,0.0,0.0,41989.0558101570,2.099721835357787,4,622.1721047298585,12.955322725119705,0.10383715020094755,1,211,0,1163.4637378298112,126.40252415493312,947.1759584359688,236.37021992837057,,33,1,31,1_31_211_4,1_211_4,MV_Supplier_B,MV_Supplier_B,MV_Supplier_B,MV_Supplier_B,MV_Supplier_A,MV_Supplier_B,MV_Supplier_B,MV_Supplier_B,HU_Block_Supplier_C,1_31_211_4_3
61,612.503477320844,0.8451714150405306,517.670430644503,94.8330466763407,1,41989.0558101570,0.0,1165.9343066551505,43154.9901168122,1.1911602914405766,7,612.5034773208436,13.04421916214504,0.09977339982954511,1,211,0,1165.8769026686082,105.02193594928313,904.6154283877205,237.40032477899993,,36,0,32,1_32_211_7,1_211_7,MV_Supplier_A,MV_Supplier_B,MV_Supplier_A,MV_Supplier_A,MV_Supplier_B,MV_Supplier_B,MV_Supplier_A,MV_Supplier_B,HU_Block_Supplier_C,1_32_211_7_1
62,94.8330466763407,1.00000000000000,94.8330466763407,0,2,43154.9901168122,0.0,0.0,43154.9901168122,1.1911602914405766,7,612.5034773208436,13.04421916214504,0.09977339982954511,1,211,0,1165.8769026686082,105.02193594928313,904.6154283877205,237.40032477899993,,36,0,32,1_32_211_7,1_211_7,MV_Supplier_A,MV_Supplier_B,MV_Supplier_A,MV_Supplier_A,MV_Supplier_B,MV_Supplier_B,MV_Supplier_A,MV_Supplier_B,HU_Block_Supplier_C,1_32_211_7_2
63,600.822045155541,0.8389815305112792,504.078599009513,96.7434461460284,1,43154.9901168122,0.0,721.9828761870324,43876.9729929992,1.5254125503755016,8,600.8220451555414,13.076109989069163,0.09684358021536305,1,211,0,1260.8398562880657,150.2118376638595,968.6700491535325,257.69321177562296,,37,0,33,1_33_211_8,1_211_8,MV_Supplier_B,MV_Supplier_A,MV_Supplier_A,MV_Supplier_B,MV_Supplier_B,MV_Supplier_B,MV_Supplier_B,MV_Supplier_B,HU_Block_Supplier_C,1_33_211_8_1
64,96.7434461460284,1.00000000000000,96.7434461460284,0,2,43876.9729929992,0.0,0.0,43876.9729929992,1.5254125503755016,8,600.8220451555414,13.076109989069163,0.09684358021536305,1,211,0,1260.8398562880657,150.2118376638595,968.6700491535325,257.69321177562296,,37,0,33,1_33_211_8,1_211_8,MV_Supplier_B,MV_Supplier_A,MV_Supplier_A,MV_Supplier_B,MV_Supplier_B,MV_Supplier_B,MV_Supplier_B,MV_Supplier_B,HU_Block_Supplier_C,1_33_211_8_2
65,580.824701403900,0.12803951676476133,74.3685140927921,506.456187311108,1,43876.9729929992,0.0,1011.5343169480245,44888.5073099472,2.3413103313716537,30,580.8247014038998,12.988700432456096,0.09478255662581965,1,211,0,1117.1545479140616,127.56093983545749,921.0671357168461,281.22539477805657,,59,0,34,1_34_211_30,1_211_30,MV_Supplier_A,MV_Supplier_A,MV_Supplier_A,MV_Supplier_B,MV_Supplier_B,MV_Supplier_A,MV_Supplier_B,MV_Supplier_B,HU_Block_Supplier_C,1_34_211_30_1
66,506.456187311108,0.4131106584319286,209.222449007016,297.233738304092,2,44888.5073099472,0.0,1519.189707342352,46407.6970172896,2.3413103313716537,30,580.8247014038998,12.988700432456096,0.09478255662581965,1,211,0,1117.1545479140616,127.56093983545749,921.0671357168461,281.22539477805657,,59,0,34,1_34_211_30,1_211_30,MV_Supplier_A,MV_Supplier_A,MV_Supplier_A,MV_Supplier_B,MV_Supplier_B,MV_Supplier_A,MV_Supplier_B,MV_Supplier_B,HU_Block_Supplier_C,1_34_211_30_2
67,297.233738304092,1.00000000000000,297.233738304092,0,3,46407.6970172896,0.0,0.0,46407.6970172896,2.3413103313716537,30,580.8247014038998,12.988700432456096,0.09478255662581965,1,211,0,1117.1545479140616,127.56093983545749,921.0671357168461,281.22539477805657,,59,0,34,1_34_211_30,1_211_30,MV_Supplier_A,MV_Supplier_A,MV_Supplier_A,MV_Supplier_B,MV_Supplier_B,MV_Supplier_A,MV_Supplier_B,MV_Supplier_B,HU_Block_Supplier_C,1_34_211_30_3
68,496.792665878027,1.00000000000000,496.792665878027,0,1,46407.6970172896,1282.2214812585232,0.0,47689.9184985481,0.7478314602630567,22,496.7926658780269,13.029561305057186,0.11281819549582632,1,111,0,1216.5411947256018,77.2207788836966,998.4789002062329,242.5283127118339,,21,1,35,1_35_111_22,1_111_22,MV_Supplier_A,MV_Supplier_B,MV_Supplier_B,MV_Supplier_B,MV_Supplier_A,MV_Supplier_A,MV_Supplier_B,MV_Supplier_B,HU_Block_Supplier_A,1_35_111_22_1
69,579.927280137720,0.9519797097398868,552.079003815749,27.8482763219713,1,47689.9184985481,1211.9114710150623,717.1156279474177,49618.9455975106,1.1107594590774652,22,579.9272801377199,13.0153680019191,0.08354168709026848,1,211,0,1150.5992580854925,122.1756432349631,910.9089584261762,272.2723944839439,,51,1,36,1_36_211_22,1_211_22,MV_Supplier_B,MV_Supplier_B,MV_Supplier_B,MV_Supplier_B,MV_Supplier_B,MV_Supplier_B,MV_Supplier_B,MV_Supplier_B,HU_Block_Supplier_C,1_36_211_22_1
70,27.8482763219713,1.00000000000000,27.8482763219713,0,2,49618.9455975106,0.0,0.0,49618.9455975106,1.1107594590774652,22,579.9272801377199,13.0153680019191,0.08354168709026848,1,211,0,1150.5992580854925,122.1756432349631,910.9089584261762,272.2723944839439,,51,1,36,1_36_211_22,1_211_22,MV_Supplier_B,MV_Supplier_B,MV_Supplier_B,MV_Supplier_B,MV_Supplier_B,MV_Supplier_B,MV_Supplier_B,MV_Supplier_B,HU_Block_Supplier_C,1_36_211_22_2
71,597.440008832471,0.5876853389234998,351.106734077169,246.333274755301,1,49618.9455975106,0.0,1093.948578306544,50712.8941758171,2.479944761585457,18,597.4400088324709,12.941351519582565,0.09483536164368994,1,211,0,1152.7981951015572,116.29275113005379,982.1559781933786,240.24244235338278,,47,0,37,1_37_211_18,1_211_18,MV_Supplier_A,MV_Supplier_B,MV_Supplier_B,MV_Supplier_B,MV_Supplier_B,MV_Supplier_B,MV_Supplier_B,MV_Supplier_B,HU_Block_Supplier_B,1_37_211_18_1
72,246.333274755301,0.5877748806658443,144.788511173324,101.544763581977,2,50712.8941758171,0.0,1054.9613906981506,51767.8555665153,2.479944761585457,18,597.4400088324709,12.941351519582565,0.09483536164368994,1,211,0,1152.7981951015572,116.29275113005379,982.1559781933786,240.24244235338278,,47,0,37,1_37_211_18,1_211_18,MV_Supplier_A,MV_Supplier_B,MV_Supplier_B,MV_Supplier_B,MV_Supplier_B,MV_Supplier_B,MV_Supplier_B,MV_Supplier_B,HU_Block_Supplier_B,1_37_211_18_2
73,101.544763581977,1.00000000000000,101.544763581977,0,3,51767.8555665153,0.0,0.0,51767.8555665153,2.479944761585457,18,597.4400088324709,12.941351519582565,0.09483536164368994,1,211,0,1152.7981951015572,116.29275113005379,982.1559781933786,240.24244235338278,,47,0,37,1_37_211_18,1_211_18,MV_Supplier_A,MV_Supplier_B,MV_Supplier_B,MV_Supplier_B,MV_Supplier_B,MV_Supplier_B,MV_Supplier_B,MV_Supplier_B,HU_Block_Supplier_B,1_37_211_18_3
74,469.099355502342,1.00000000000000,469.099355502342,0,1,51767.8555665153,1054.714752856934,0.0,52822.5703193722,0.8398668857084655,4,469.0993555023418,12.99961142048438,0.10237554665855554,1,111,0,1174.206027610154,120.28484468128606,905.0310252391214,222.63760606705202,,3,1,38,1_38_111_4,1_111_4,MV_Supplier_B,MV_Supplier_B,MV_Supplier_B,MV_Supplier_A,MV_Supplier_B,MV_Supplier_B,MV_Supplier_B,MV_Supplier_A,HU_Block_Supplier_A,1_38_111_4_1
75,507.274763930439,1.00000000000000,507.274763930439,0,1,52822.5703193722,0.0,0.0,52822.5703193722,0.9065906727076939,23,507.2747639304386,12.965666328828032,0.0977851549992188,1,111,0,1143.4665289978989,124.6430856390425,823.371076335987,217.11638185647328,,22,0,39,1_39_111_23,1_111_23,MV_Supplier_B,MV_Supplier_A,MV_Supplier_B,MV_Supplier_A,MV_Supplier_A,MV_Supplier_B,MV_Supplier_B,MV_Supplier_B,HU_Block_Supplier_A,1_39_111_23_1
76,466.446774398801,0.060517197004571144,28.2280513384390,438.218723060362,1,52822.5703193722,0.0,912.1969469737655,53734.7672663460,1.857117964489062,29,466.4467743988013,12.984040739706797,0.07646393167421345,1,111,0,1177.1878915445895,130.24195490305348,947.3386137491556,279.2864236753725,,28,0,40,1_40_111_29,1_111_29,MV_Supplier_B,MV_Supplier_B,MV_Supplier_A,MV_Supplier_A,MV_Supplier_B,MV_Supplier_B,MV_Supplier_A,MV_Supplier_B,HU_Block_Supplier_B,1_40_111_29_1
77,438.218723060362,1.00000000000000,438.218723060362,0,2,53734.7672663460,0.0,0.0,53734.7672663460,1.857117964489062,29,466.4467743988013,12.984040739706797,0.07646393167421345,1,111,0,1177.1878915445895,130.24195490305348,947.3386137491556,279.2864236753725,,28,0,40,1_40_111_29,1_111_29,MV_Supplier_B,MV_Supplier_B,MV_Supplier_A,MV_Supplier_A,MV_Supplier_B,MV_Supplier_B,MV_Supplier_A,MV_Supplier_B,HU_Block_Supplier_B,1_40_111_29_2
78,596.993604112447,1.00000000000000,596.993604112447,0,1,53734.7672663460,1249.782724697494,0.0,54984.5499910435,0.6595328217162467,20,596.9936041124466,13.046692953138855,0.12421772976123527,1,211,0,1201.4656421401671,143.33963224558073,915.2863952429157,284.2375395721946,,49,1,41,1_41_211_20,1_211_20,MV_Supplier_B,MV_Supplier_B,MV_Supplier_B,MV_Supplier_B,MV_Supplier_A,MV_Supplier_A,MV_Supplier_B,MV_Supplier_A,HU_Block_Supplier_C,1_41_211_20_1
79,502.973016671313,1.00000000000000,502.973016671313,0,1,54984.5499910435,1205.5399990337805,0.0,56190.0899900773,0.6509170053288577,18,502.97301667131273,12.9825459893075,0.10916288876988499,1,111,0,1233.5183256696237,116.91314271764088,941.6471540067078,265.5801113035616,,17,1,42,1_42_111_18,1_111_18,MV_Supplier_B,MV_Supplier_B,MV_Supplier_B,MV_Supplier_B,MV_Supplier_B,MV_Supplier_A,MV_Supplier_B,MV_Supplier_A,HU_Block_Supplier_B,1_42_111_18_1
80,480.051928165990,0.31204220102714475,149.796460272240,330.255467893750,1,56190.0899900773,0.0,824.9313933762613,57015.0213834536,1.6856669209589306,19,480.0519281659903,13.009626290352093,0.0977991733052709,1,111,0,1249.9895794053175,90.15594151743622,940.9163249789806,263.16069434289216,,18,0,43,1_43_111_19,1_111_19,MV_Supplier_A,MV_Supplier_B,MV_Supplier_A,MV_Supplier_B,MV_Supplier_B,MV_Supplier_B,MV_Supplier_B,MV_Supplier_B,HU_Block_Supplier_A,1_43_111_19_1
81,330.255467893750,1.00000000000000,330.255467893750,0,2,57015.0213834536,0.0,0.0,57015.0213834536,1.6856669209589306,19,480.0519281659903,13.009626290352093,0.0977991733052709,1,111,0,1249.9895794053175,90.15594151743622,940.9163249789806,263.16069434289216,,18,0,43,1_43_111_19,1_111_19,MV_Supplier_A,MV_Supplier_B,MV_Supplier_A,MV_Supplier_B,MV_Supplier_B,MV_Supplier_B,MV_Supplier_B,MV_Supplier_B,HU_Block_Supplier_A,1_43_111_19_2
82,474.674821403084,1.00000000000000,474.674821403084,0,1,57015.0213834536,0.0,0.0,57015.0213834536,0.5211292409376386,13,474.67482140308357,12.994453195131785,0.09529553654753528,1,111,0,1224.2647143743222,120.34271567267592,863.264022003786,240.85379278036405,,12,0,44,1_44_111_13,1_111_13,MV_Supplier_B,MV_Supplier_B,MV_Supplier_B,MV_Supplier_A,MV_Supplier_A,MV_Supplier_B,MV_Supplier_B,MV_Supplier_A,HU_Block_Supplier_A,1_44_111_13_1
83,517.294078335881,0.5675267884642262,293.578246969525,223.715831366357,1,57015.0213834536,0.0,1032.5200758885421,58047.5414593421,1.4303657311593223,21,517.2940783358814,13.029638705081911,0.10004884706838119,1,111,0,1204.5549603599336,127.4831803567181,919.3833530321447,226.58735345121124,,20,0,45,1_45_111_21,1_111_21,MV_Supplier_B,MV_Supplier_A,MV_Supplier_B,MV_Supplier_B,MV_Supplier_A,MV_Supplier_B,MV_Supplier_A,MV_Supplier_A,HU_Block_Supplier_B,1_45_111_21_1
84,223.715831366357,1.00000000000000,223.715831366357,0,2,58047.5414593421,0.0,0.0,58047.5414593421,1.4303657311593223,21,517.2940783358814,13.029638705081911,0.10004884706838119,1,111,0,1204.5549603599336,127.4831803567181,919.3833530321447,226.58735345121124,,20,0,45,1_45_111_21,1_111_21,MV_Supplier_B,MV_Supplier_A,MV_Supplier_B,MV_Supplier_B,MV_Supplier_A,MV_Supplier_B,MV_Supplier_A,MV_Supplier_A,HU_Block_Supplier_B,1_45_111_21_2
85,490.243703760574,1.00000000000000,490.243703760574,0,1,58047.5414593421,0.0,0.0,58047.5414593421,0.8950734512513172,27,490.243703760574,13.026266365524016,0.1141856805715668,1,111,0,1270.7689131290824,139.57778355227984,969.0384115742123,224.35813440772446,,26,0,46,1_46_111_27,1_111_27,MV_Supplier_B,MV_Supplier_A,MV_Supplier_B,MV_Supplier_B,MV_Supplier_B,MV_Supplier_A,MV_Supplier_A,MV_Supplier_B,HU_Block_Supplier_B,1_46_111_27_1
86,608.637324935428,1.00000000000000,608.637324935428,0,1,58047.5414593421,1143.107885743484,0.0,59190.6493450856,0.5051001791121565,9,608.6373249354283,12.90528706892356,0.10620039311054094,1,211,0,1156.2047620220799,113.03359736560917,934.9182981098633,242.65720616550254,,38,1,47,1_47_211_9,1_211_9,MV_Supplier_B,MV_Supplier_B,MV_Supplier_B,MV_Supplier_B,MV_Supplier_B,MV_Supplier_B,MV_Supplier_B,MV_Supplier_B,HU_Block_Supplier_C,1_47_211_9_1
87,594.062257121408,0.6294715339174539,373.945280232677,220.116976888730,1,59190.6493450856,0.0,868.9166148738898,60059.5659599595,1.9482855815904316,15,594.0622571214077,12.950760079346928,0.0994038315356296,1,211,0,1149.9612371106705,127.58758454466863,935.6585451815465,235.62054356832093,,44,0,48,1_48_211_15,1_211_15,MV_Supplier_B,MV_Supplier_B,MV_Supplier_B,MV_Supplier_B,MV_Supplier_B,MV_Supplier_B,MV_Supplier_A,MV_Supplier_B,HU_Block_Supplier_B,1_48_211_15_1
88,220.116976888730,1.00000000000000,220.116976888730,0,2,60059.5659599595,0.0,0.0,60059.5659599595,1.9482855815904316,15,594.0622571214077,12.950760079346928,0.0994038315356296,1,211,0,1149.9612371106705,127.58758454466863,935.6585451815465,235.62054356832093,,44,0,48,1_48_211_15,1_211_15,MV_Supplier_B,MV_Supplier_B,MV_Supplier_B,MV_Supplier_B,MV_Supplier_B,MV_Supplier_B,MV_Supplier_A,MV_Supplier_B,HU_Block_Supplier_B,1_48_211_15_2
89,492.871201495768,1.00000000000000,492.871201495768,0,1,60059.5659599595,1101.4080388402447,0.0,61160.9739987997,0.6590710534987134,2,492.8712014957683,13.106821689891628,0.08589247556278137,1,111,0,1175.1893868805919,82.42172142366637,928.6275147281683,254.69905159401986,,1,1,49,1_49_111_2,1_111_2,MV_Supplier_B,MV_Supplier_B,MV_Supplier_A,MV_Supplier_B,MV_Supplier_B,MV_Supplier_B,MV_Supplier_B,MV_Supplier_B,HU_Block_Supplier_B,1_49_111_2_1
90,500.556941982084,0.13507760945618663,67.6140351196391,432.942906862445,1,61160.9739987997,0.0,1174.6542887394003,62335.6282875391,1.4758034764590742,8,500.5569419820844,12.892817360780763,0.10804159912022765,1,111,0,1257.3470241570446,130.73793852727758,969.8552558934504,286.9159184226851,,7,0,50,1_50_111_8,1_111_8,MV_Supplier_B,MV_Supplier_B,MV_Supplier_B,MV_Supplier_B,MV_Supplier_A,MV_Supplier_B,MV_Supplier_A,MV_Supplier_A,HU_Block_Supplier_A,1_50_111_8_1
91,432.942906862445,1.00000000000000,432.942906862445,0,2,62335.6282875391,0.0,0.0,62335.6282875391,1.4758034764590742,8,500.5569419820844,12.892817360780763,0.10804159912022765,1,111,0,1257.3470241570446,130.73793852727758,969.8552558934504,286.9159184226851,,7,0,50,1_50_111_8,1_111_8,MV_Supplier_B,MV_Supplier_B,MV_Supplier_B,MV_Supplier_B,MV_Supplier_A,MV_Supplier_B,MV_Supplier_A,MV_Supplier_A,HU_Block_Supplier_A,1_50_111_8_2
92,489.314048490426,0.5730178957937726,280.385706448316,208.928342042110,1,62335.6282875391,0.0,681.111009544707,63016.7392970838,1.239687099998266,12,489.314048490426,12.952326684669071,0.09739025950443232,1,111,0,1205.8813421834293,126.1492710868792,932.8821346438517,248.57098418938057,,11,0,51,1_51_111_12,1_111_12,MV_Supplier_A,MV_Supplier_B,MV_Supplier_B,MV_Supplier_B,MV_Supplier_B,MV_Supplier_B,MV_Supplier_B,MV_Supplier_A,HU_Block_Supplier_B,1_51_111_12_1
93,208.928342042110,1.00000000000000,208.928342042110,0,2,63016.7392970838,0.0,0.0,63016.7392970838,1.239687099998266,12,489.314048490426,12.952326684669071,0.09739025950443232,1,111,0,1205.8813421834293,126.1492710868792,932.8821346438517,248.57098418938057,,11,0,51,1_51_111_12,1_111_12,MV_Supplier_A,MV_Supplier_B,MV_Supplier_B,MV_Supplier_B,MV_Supplier_B,MV_Supplier_B,MV_Supplier_B,MV_Supplier_A,HU_Block_Supplier_B,1_51_111_12_2
94,597.340542929961,0.4479640638338037,267.587097103596,329.753445826365,1,63016.7392970838,1289.9479439553577,773.8099266187729,65080.4971676579,2.612667784888492,11,597.3405429299605,13.126639326070919,0.09549503007089064,1,211,0,1191.9551429335206,132.02762922559813,865.7190530917653,222.1072424033169,,40,1,52,1_52_211_11,1_211_11,MV_Supplier_A,MV_Supplier_B,MV_Supplier_B,MV_Supplier_B,MV_Supplier_B,MV_Supplier_B,MV_Supplier_B,MV_Supplier_B,HU_Block_Supplier_C,1_52_211_11_1
95,329.753445826365,0.2227291270556725,73.4456971325063,256.307748693859,2,65080.4971676579,0.0,630.6050667085896,65711.1022343665,2.612667784888492,11,597.3405429299605,13.126639326070919,0.09549503007089064,1,211,0,1191.9551429335206,132.02762922559813,865.7190530917653,222.1072424033169,,40,1,52,1_52_211_11,1_211_11,MV_Supplier_A,MV_Supplier_B,MV_Supplier_B,MV_Supplier_B,MV_Supplier_B,MV_Supplier_B,MV_Supplier_B,MV_Supplier_B,HU_Block_Supplier_C,1_52_211_11_2
96,256.307748693859,1.00000000000000,256.307748693859,0,3,65711.1022343665,0.0,0.0,65711.1022343665,2.612667784888492,11,597.3405429299605,13.126639326070919,0.09549503007089064,1,211,0,1191.9551429335206,132.02762922559813,865.7190530917653,222.1072424033169,,40,1,52,1_52_211_11,1_211_11,MV_Supplier_A,MV_Supplier_B,MV_Supplier_B,MV_Supplier_B,MV_Supplier_B,MV_Supplier_B,MV_Supplier_B,MV_Supplier_B,HU_Block_Supplier_C,1_52_211_11_3
97,588.951543262122,0.28744982191059143,169.294016224665,419.657527037457,1,65711.1022343665,0.0,1096.7070952112351,66807.8093295777,1.7213757796706142,24,588.9515432621222,12.984622456965756,0.09173145226622828,1,211,0,1286.9337667792765,126.95094653967672,892.0402286470644,290.1097183810202,,53,0,53,1_53_211_24,1_211_24,MV_Supplier_B,MV_Supplier_A,MV_Supplier_B,MV_Supplier_B,MV_Supplier_B,MV_Supplier_B,MV_Supplier_A,MV_Supplier_B,HU_Block_Supplier_B,1_53_211_24_1
98,419.657527037457,1.00000000000000,419.657527037457,0,2,66807.8093295777,0.0,0.0,66807.8093295777,1.7213757796706142,24,588.9515432621222,12.984622456965756,0.09173145226622828,1,211,0,1286.9337667792765,126.95094653967672,892.0402286470644,290.1097183810202,,53,0,53,1_53_211_24,1_211_24,MV_Supplier_B,MV_Supplier_A,MV_Supplier_B,MV_Supplier_B,MV_Supplier_B,MV_Supplier_B,MV_Supplier_A,MV_Supplier_B,HU_Block_Supplier_B,1_53_211_24_2
99,488.763999182991,0.998300803922935,487.933493312968,0.830505870022364,1,66807.8093295777,1152.3828167237511,949.7273423662825,68909.9194886677,1.4585361884622574,15,488.7639991829905,12.937356953539311,0.09604227066947145,1,111,0,1223.5395709029524,125.3996068449339,882.8992698593806,266.3276245275249,,14,1,54,1_54_111_15,1_111_15,MV_Supplier_B,MV_Supplier_A,MV_Supplier_B,MV_Supplier_B,MV_Supplier_B,MV_Supplier_B,MV_Supplier_B,MV_Supplier_B,HU_Block_Supplier_A,1_54_111_15_1
100,1,1.00000000000000,1,0,2,68909.9194886677,0.0,0.0,68909.9194886677,1.4585361884622574,15,488.7639991829905,12.937356953539311,0.09604227066947145,1,111,0,1223.5395709029524,125.3996068449339,882.8992698593806,266.3276245275249,,14,1,54,1_54_111_15,1_111_15,MV_Supplier_B,MV_Supplier_A,MV_Supplier_B,MV_Supplier_B,MV_Supplier_B,MV_Supplier_B,MV_Supplier_B,MV_Supplier_B,HU_Block_Supplier_A,1_54_111_15_2
101,467.592324089243,0.5792752912326987,270.864679714971,196.727644374272,1,68909.9194886677,0.0,964.6413821390582,69874.5608708068,1.2287740118843673,7,467.59232408924277,13.03572460534003,0.10043849098546213,1,111,0,1304.7855727638762,98.37727440251116,943.6658482444543,302.43520516464156,,6,0,55,1_55_111_7,1_111_7,MV_Supplier_B,MV_Supplier_B,MV_Supplier_A,MV_Supplier_B,MV_Supplier_A,MV_Supplier_B,MV_Supplier_B,MV_Supplier_B,HU_Block_Supplier_A,1_55_111_7_1
102,196.727644374272,1.00000000000000,196.727644374272,0,2,69874.5608708068,0.0,0.0,69874.5608708068,1.2287740118843673,7,467.59232408924277,13.03572460534003,0.10043849098546213,1,111,0,1304.7855727638762,98.37727440251116,943.6658482444543,302.43520516464156,,6,0,55,1_55_111_7,1_111_7,MV_Supplier_B,MV_Supplier_B,MV_Supplier_A,MV_Supplier_B,MV_Supplier_A,MV_Supplier_B,MV_Supplier_B,MV_Supplier_B,HU_Block_Supplier_A,1_55_111_7_2
103,508.008757733585,0.1774800045824665,90.1613966504897,417.847361083095,1,69874.5608708068,0.0,699.2278875972218,70573.7887584040,1.6767689553704108,17,508.0087577335845,13.010414836291396,0.0999752569884951,1,111,0,1133.6592277809455,138.888090514951,969.8797622637732,264.7319178051039,,16,0,56,1_56_111_17,1_111_17,MV_Supplier_A,MV_Supplier_A,MV_Supplier_B,MV_Supplier_B,MV_Supplier_B,MV_Supplier_B,MV_Supplier_B,MV_Supplier_B,HU_Block_Supplier_A,1_56_111_17_1
104,417.847361083095,1.00000000000000,417.847361083095,0,2,70573.7887584040,0.0,0.0,70573.7887584040,1.6767689553704108,17,508.0087577335845,13.010414836291396,0.0999752569884951,1,111,0,1133.6592277809455,138.888090514951,969.8797622637732,264.7319178051039,,16,0,56,1_56_111_17,1_111_17,MV_Supplier_A,MV_Supplier_A,MV_Supplier_B,MV_Supplier_B,MV_Supplier_B,MV_Supplier_B,MV_Supplier_B,MV_Supplier_B,HU_Block_Supplier_A,1_56_111_17_2
105,484.724471949534,0.500406909026946,242.559474737985,242.164997211549,1,70573.7887584040,0.0,653.9543489817218,71227.7431073857,1.6010967298412486,28,484.7244719495341,13.059923075450484,0.10450900479317013,1,111,0,1193.7794771406548,102.81553323716722,971.2874059336197,278.1786574317741,,27,0,57,1_57_111_28,1_111_28,MV_Supplier_B,MV_Supplier_B,MV_Supplier_B,MV_Supplier_B,MV_Supplier_B,MV_Supplier_B,MV_Supplier_A,MV_Supplier_A,HU_Block_Supplier_A,1_57_111_28_1
106,242.164997211549,1.00000000000000,242.164997211549,0,2,71227.7431073857,0.0,0.0,71227.7431073857,1.6010967298412486,28,484.7244719495341,13.059923075450484,0.10450900479317013,1,111,0,1193.7794771406548,102.81553323716722,971.2874059336197,278.1786574317741,,27,0,57,1_57_111_28,1_111_28,MV_Supplier_B,MV_Supplier_B,MV_Supplier_B,MV_Supplier_B,MV_Supplier_B,MV_Supplier_B,MV_Supplier_A,MV_Supplier_A,HU_Block_Supplier_A,1_57_111_28_2
107,641.789017824426,1.00000000000000,641.789017824426,0,1,71227.7431073857,1321.709370565181,0.0,72549.4524779509,0.5339508523658906,23,641.7890178244255,12.939100770747391,0.10241934175370888,1,211,0,1221.33862493591,132.16285183350573,781.1695579970334,262.90628916727763,,52,1,58,1_58_211_23,1_211_23,MV_Supplier_B,MV_Supplier_A,MV_Supplier_B,MV_Supplier_B,MV_Supplier_B,MV_Supplier_B,MV_Supplier_B,MV_Supplier_B,HU_Block_Supplier_C,1_58_211_23_1
108,592.504325979503,0.7338411367405011,434.804048100463,157.700277879040,1,72549.4524779509,0.0,860.4267409898682,73409.8792189408,1.5252418673970072,17,592.504325979503,12.945898821174987,0.10959282229513881,1,211,0,1198.1754054199057,85.27062861324147,816.3543657983089,208.79282659132824,,46,0,59,1_59_211_17,1_211_17,MV_Supplier_A,MV_Supplier_B,MV_Supplier_B,MV_Supplier_A,MV_Supplier_B,MV_Supplier_B,MV_Supplier_B,MV_Supplier_B,HU_Block_Supplier_C,1_59_211_17_1
109,157.700277879040,1.00000000000000,157.700277879040,0,2,73409.8792189408,0.0,0.0,73409.8792189408,1.5252418673970072,17,592.504325979503,12.945898821174987,0.10959282229513881,1,211,0,1198.1754054199057,85.27062861324147,816.3543657983089,208.79282659132824,,46,0,59,1_59_211_17,1_211_17,MV_Supplier_A,MV_Supplier_B,MV_Supplier_B,MV_Supplier_A,MV_Supplier_B,MV_Supplier_B,MV_Supplier_B,MV_Supplier_B,HU_Block_Supplier_C,1_59_211_17_2
